product_id,url,status,reason,width,height,sha256,saved_path,content_type,bytes
462286,https://media.cabiclio.com/products/462286-20250424221145.png,ok,,874.0,1400.0,b879c83e1d13d5138bed7c1a6d45d02e189a3624fff288130daf19b58b6ec735,data\images\462286.jpg,image/png,257486.0
461205,https://media.cabiclio.com/products/461205-20250424215948.png,ok,,877.0,1400.0,2bd0b84c499b68240c9a4d27175194241302ded3371d28e11d9fb385a3cf7921,data\images\461205.jpg,image/png,364490.0
461206,https://media.cabiclio.com/products/461206-20250424220027.png,ok,,877.0,1400.0,23ea8c20e6291e23ae85feb0c78cf3d6b0a77cb40a1a731bc0d9590104ee0836,data\images\461206.jpg,image/png,350779.0
462290,https://media.cabiclio.com/products/462290-20250623022221.png,ok,,874.0,1400.0,83691dbadeb3da8cb0651e6f147a0f8c437ab9bda0a3ba720bd6840757fcc877,data\images\462290.jpg,image/png,276921.0
462288,https://media.cabiclio.com/products/462288-20250424221725.png,ok,,906.0,1400.0,c56ebe7f8082f3913f8c946480618908dc37f56cc0974d622b27f5fd1ff773ea,data\images\462288.jpg,image/png,518350.0
461209,https://media.cabiclio.com/products/461209-20250424221020.png,ok,,877.0,1400.0,8cfd14e619045418e0480e7bcc0825d06cd296aef6a570b3990aba161fd1616a,data\images\461209.jpg,image/png,567467.0
462287,https://media.cabiclio.com/products/462287-20250424221223.png,ok,,987.0,1400.0,25417bf8654b540ed7ad946f6b34d533c4b6af7b5d23f249300302a2d6cf503e,data\images\462287.jpg,image/png,312159.0
461208,https://media.cabiclio.com/products/461208-20250424220853.png,ok,,877.0,1400.0,ee4f1f29eac29f195256bafc00b8b1b8dfef5b073a5a27910eec1512219250ce,data\images\461208.jpg,image/png,730040.0
464850,https://media.cabiclio.com/products/464850-20250424222942.png,ok,,877.0,1400.0,086016afde358a137f98f669032cfd0d36f3e4ca39eace82979a6a11b2f6e96c,data\images\464850.jpg,image/png,1572058.0
461207,https://media.cabiclio.com/products/461207-20250424220116.png,ok,,877.0,1400.0,50fee33f68c58c9e526e1bf935594db16e40dbb0598ee92a699c6b065c7c1bfb,data\images\461207.jpg,image/png,1185735.0
461203,https://media.cabiclio.com/products/461203-20250424215838.png,ok,,877.0,1400.0,e48a9985ab5b130f107a818d129bf7811f065236fbf2d824c5cf14d0456adef2,data\images\461203.jpg,image/png,752725.0
462289,https://media.cabiclio.com/products/462289-20250424221806.png,ok,,1339.0,1400.0,053a6baa6a61e24343d8562bb075404969419636b61cf773b785b6c951aa37a9,data\images\462289.jpg,image/png,918022.0
464858,https://media.cabiclio.com/products/464858-20250424232117.png,ok,,877.0,1400.0,155cd92049aeec9f1ccd79123f7f9992db9b97ccd701ecd54ac3f93695ca8f41,data\images\464858.jpg,image/png,958585.0
464857,https://media.cabiclio.com/products/464857-20250424231914.png,ok,,877.0,1400.0,325dc0fcae83c3995baafda7de956349e3b44e6a6f4bb3e2142ba8e197286ffd,data\images\464857.jpg,image/png,835762.0
464852,https://media.cabiclio.com/products/464852-20250424223319.png,ok,,877.0,1400.0,55a101cee58a6a0eea0aab1ab32b7229fed4ea255b63d904280cd57ef0ee2b5d,data\images\464852.jpg,image/png,860870.0
464851,https://media.cabiclio.com/products/464851-20250424223155.png,ok,,877.0,1400.0,a6029746c9821f6a1a7825f78d6ae305d7e2369040b61378dcdeeeca97094e4e,data\images\464851.jpg,image/png,873090.0
462293,https://media.cabiclio.com/products/462293-20250424222423.png,ok,,1461.0,1400.0,4e3a77fd76aea520c12f90000480d33b01e2ccc7b8056ed8c7bca93f9e5dcf89,data\images\462293.jpg,image/png,1754682.0
464855,https://media.cabiclio.com/products/464855-20250424231730.png,ok,,877.0,1400.0,d04b227c49bf56f5fd0dc6e3a7ad99c68a232b97123a9103bdb57c6d5ee9b4db,data\images\464855.jpg,image/png,1075887.0
464873,https://media.cabiclio.com/products/464873-20250424232907.png,ok,,877.0,1400.0,5b3fb7599d96d169b406d97cdaadc66b0dc50e0db09dfadbb38c6ff4231e9391,data\images\464873.jpg,image/png,1336024.0
464859,https://media.cabiclio.com/products/464859-20250424232155.png,ok,,877.0,1400.0,85826c6afec97c25dff1702bffd10863a9e83166f0c54aa1312deecf1724ab3c,data\images\464859.jpg,image/png,1122968.0
464872,https://media.cabiclio.com/products/464872-20250424232825.png,ok,,877.0,1400.0,6a45c9bb70e9afd8fd303f6a1f1f032e882a72544a9193fed48b9ccefec6ac6b,data\images\464872.jpg,image/png,835398.0
464882,https://media.cabiclio.com/products/464882-20250424233257.png,ok,,877.0,1400.0,c4cf52371c0a81262fc923b2f1fe0de3248d6beed5a02d4d348f5a0c3b7fcbfd,data\images\464882.jpg,image/png,824490.0
464862,https://media.cabiclio.com/products/464862-20250424232318.png,ok,,877.0,1400.0,96f1b23cbf09563de6dc0dfd620328e9931de28a6e08dcd88c8a9a9bb1550c8a,data\images\464862.jpg,image/png,724386.0
464860,https://media.cabiclio.com/products/464860-20250424232237.png,ok,,877.0,1400.0,3b35d31f3320e907fccc4efbbdaa603ddd9c69b3d05a894b42dadc64c7bd85da,data\images\464860.jpg,image/png,1089454.0
464856,https://media.cabiclio.com/products/464856-20250424231821.png,ok,,877.0,1400.0,b6ebf4526ec8a5eb043a5e00007b728037599d77865bc45e1241a821f5752350,data\images\464856.jpg,image/png,1113990.0
464894,https://media.cabiclio.com/products/464894-20250424233610.png,ok,,877.0,1400.0,ec5934f739d5cde94148c73ade60761d06d1b5bb8e0fd88834cbf9bc8bb7b1e4,data\images\464894.jpg,image/png,661814.0
464853,https://media.cabiclio.com/products/464853-20250424223356.png,ok,,877.0,1400.0,8bb937591909dbdb0452f9f8274d4f181f7e6f18618708f8e8bfc388be6189f3,data\images\464853.jpg,image/png,1235906.0
464895,https://media.cabiclio.com/products/464895-20250424233724.png,ok,,877.0,1400.0,632c8c8cacfd6d78f23a82bb6d4f4aef9696fd687c38552faed1336a077ddb9a,data\images\464895.jpg,image/png,768447.0
464878,https://media.cabiclio.com/products/464878-20250424233126.png,ok,,877.0,1400.0,e7dd9e3dbd921565c03d5c879ba20d89c7bb5578c326c1fd3d290fde1478581b,data\images\464878.jpg,image/png,844636.0
464888,https://media.cabiclio.com/products/464888-20250424233407.png,ok,,877.0,1400.0,83066a3025c4b59966fa557581f71eea426596b25e083ad7e976779b0d8c3d79,data\images\464888.jpg,image/png,944256.0
464880,https://media.cabiclio.com/products/464880-20250424233209.png,ok,,877.0,1400.0,32659f7f28141f86e776857103d7a9e89ed957ef79f07f4f7df70366b884d4c3,data\images\464880.jpg,image/png,1309878.0
464906,https://media.cabiclio.com/products/464906-20250424234456.png,ok,,877.0,1400.0,1e5d11a04413adcda724c05f3628f2a69e264da09c061c8201a1a29648ff6226,data\images\464906.jpg,image/png,961549.0
464904,https://media.cabiclio.com/products/464904-20250424234156.png,ok,,877.0,1400.0,9536ded47d1520291585678209bbffdca75d5cd266f6a5af554224caad42a5f2,data\images\464904.jpg,image/png,1240157.0
464897,https://media.cabiclio.com/products/464897-20250424233918.png,ok,,877.0,1400.0,e5154d8314f7d8d1a72db6963291947db9f56f5a17b8842cb6228c42bb750f54,data\images\464897.jpg,image/png,715038.0
464898,https://media.cabiclio.com/products/464898-20250424234046.png,ok,,877.0,1400.0,78b7b552910787e336363b64f15af10f6d9074cc8519d2e3ba79c0291ce9fe76,data\images\464898.jpg,image/png,1060621.0
464896,https://media.cabiclio.com/products/464896-20250424233822.png,ok,,877.0,1400.0,9f8081f436e845d622f60d0f0b822414346a8ac1d4232666bd5f247ac65da498,data\images\464896.jpg,image/png,788236.0
464871,https://media.cabiclio.com/products/464871-20250424232724.png,ok,,877.0,1400.0,adf851eaa0d84d74ca32c6acfa359043ea2acb3c3123094b8e0626362ed7ca82,data\images\464871.jpg,image/png,968320.0
464907,https://media.cabiclio.com/products/464907-20250424234551.png,ok,,877.0,1400.0,a1c2aaf4f4ac8f76873dfaef41c28cd01db71d3183004c8de0441530f534c9cc,data\images\464907.jpg,image/png,684554.0
464911,https://media.cabiclio.com/products/464911-20250424234737.png,ok,,877.0,1400.0,a5abdf80557c2ec7aadf590cce861c77f1eb81f4b5e4eda21569ab5dfc296419,data\images\464911.jpg,image/png,590681.0
464889,https://media.cabiclio.com/products/464889-20250424233510.png,ok,,877.0,1400.0,be257d8125459f4f4096c754d16a1736d90a389868a3c88c09d5df155b2ac91e,data\images\464889.jpg,image/png,1123991.0
464916,https://media.cabiclio.com/products/464916-20250424235138.png,ok,,877.0,1400.0,4487de5bb75966f11a086e64e0f73a16cc7a21ed3d98d92c875afaade80e0789,data\images\464916.jpg,image/png,1153358.0
464876,https://media.cabiclio.com/products/464876-20250424233040.png,ok,,877.0,1400.0,5b673838bf546ebceb9af2035dbd8be58c6e5dcc93fce3ffc0b9eb203bdda59d,data\images\464876.jpg,image/png,1007837.0
464936,https://media.cabiclio.com/products/464936-20250424235732.png,ok,,877.0,1400.0,585a5bfca68004ff85ae2eaab83502af671ba00def64b2024da6234625d0ed45,data\images\464936.jpg,image/png,366146.0
462292,https://media.cabiclio.com/products/462292-20250623022442.png,ok,,874.0,1400.0,da9725d6e4ef7c6985252b378110d0976699a6e64e335ba698d58faf56dc01d9,data\images\462292.jpg,image/png,294723.0
464935,https://media.cabiclio.com/products/464935-20250424235653.png,ok,,877.0,1400.0,141206aa213d986018922f492205353818440e887690ae4a5c6a2e8ab74a37bd,data\images\464935.jpg,image/png,482096.0
464912,https://media.cabiclio.com/products/464912-20250424234857.png,ok,,877.0,1400.0,faa1d5647f5d22687781e1cb7141e8e5c3df607c7e66eb4e458fd102669b26c8,data\images\464912.jpg,image/png,791502.0
464874,https://media.cabiclio.com/products/464874-20250424232951.png,ok,,877.0,1400.0,4730c772d5dd9e1bc575cfe9e4b08c56d04e22ab67771aab78092cab3c0c48ac,data\images\464874.jpg,image/png,1242139.0
464864,https://media.cabiclio.com/products/464864-20250424232452.png,ok,,877.0,1400.0,0fb17db41b9af96cf7ad77fe994151a13c23c415e4e656031691f6d0c011644b,data\images\464864.jpg,image/png,834117.0
464937,https://media.cabiclio.com/products/464937-20250424235819.png,ok,,877.0,1400.0,7db8ce16dfd14e6ca85d8a6bb16193403124316d497a5fea3109e8d395cc7a4b,data\images\464937.jpg,image/png,805163.0
464922,https://media.cabiclio.com/products/464922-20250424235522.png,ok,,877.0,1400.0,3eaf513567d10db28e4e710adc2963c46d22030a4abf6589853bba52f4ffecf2,data\images\464922.jpg,image/png,924926.0
464908,https://media.cabiclio.com/products/464908-20250424234648.png,ok,,877.0,1400.0,77cf56b64a5ccf3225517c725a26abb121d154f5d66a04660025e481ac7a28d7,data\images\464908.jpg,image/png,1110717.0
464934,https://media.cabiclio.com/products/464934-20250424235616.png,ok,,877.0,1400.0,db6d0d181f4caf3107ebd1c3ea35db5e7dad3fb38a434fc9d746dd4e7f8a209e,data\images\464934.jpg,image/png,548145.0
464921,https://media.cabiclio.com/products/464921-20250424235436.png,ok,,877.0,1400.0,c0ecd8b9fba98da0f673ef0821f73e7d0f9de58529e5b5a00b8b1534902243a1,data\images\464921.jpg,image/png,1309831.0
464915,https://media.cabiclio.com/products/464915-20250424235046.png,ok,,877.0,1400.0,7b8f9bb496e57b33b8c56d1be9985d3b8c2de60b9efbe79fded8c873320dca03,data\images\464915.jpg,image/png,1192914.0
464950,https://media.cabiclio.com/products/464950-20250425000443.png,ok,,877.0,1400.0,954ad35003c17c8c85e0939c3582854cb965ffda4867591e81995152f321ef83,data\images\464950.jpg,image/png,637553.0
464949,https://media.cabiclio.com/products/464949-20250425000348.png,ok,,877.0,1400.0,aed88e8a195882852f698f837f71aebe436756e49e268c9f3b3306bd72c487ea,data\images\464949.jpg,image/png,278790.0
464946,https://media.cabiclio.com/products/464946-20250425000002.png,ok,,877.0,1400.0,cf9338cf0f38b3985c847c550d82d552d135823072580f34bca8986b352dd84d,data\images\464946.jpg,image/png,829606.0
464905,https://media.cabiclio.com/products/464905-20250424234333.png,ok,,877.0,1400.0,046cdcb382de8e65aa033cbfe909a0fc6d980699b0bbbf03de2ad416062817f8,data\images\464905.jpg,image/png,1007444.0
464959,https://media.cabiclio.com/products/464959-20250425001313.png,ok,,877.0,1400.0,2fc6edac04777ae9c92cab40c70063cbcd438294c2ce652b9d86b4253fa18d6f,data\images\464959.jpg,image/png,619027.0
464961,https://media.cabiclio.com/products/464961-20250425001355.png,ok,,877.0,1400.0,96258660c02e812a181cafd55d66279331c8179846019f3d70dae7ce67eb6e08,data\images\464961.jpg,image/png,405348.0
464952,https://media.cabiclio.com/products/464952-20250425000912.png,ok,,877.0,1400.0,b12f54e2e058e5aad61247e9fa3163c258891b5ed32d54ae5fe767bcd2558606,data\images\464952.jpg,image/png,404946.0
464914,https://media.cabiclio.com/products/464914-20250424234940.png,ok,,877.0,1400.0,7a869785b013188403d6bbe1b1b68baf3a5dde5bdd525d9e110718b76708a07f,data\images\464914.jpg,image/png,1061919.0
464958,https://media.cabiclio.com/products/464958-20250425001010.png,ok,,877.0,1400.0,ed900455c7aeb32d17d4038989ace89f127b623b5dcda95290dc2f0f6e0ad27f,data\images\464958.jpg,image/png,565978.0
464976,https://media.cabiclio.com/products/464976-20250425001752.png,ok,,1400.0,877.0,ca3f400f110caa7bc0c6c8130a76323db0acd92ca4722a1c483741ea3f966712,data\images\464976.jpg,image/png,519899.0
464968,https://media.cabiclio.com/products/464968-20250425001618.png,ok,,877.0,1400.0,42d82085099565d98f692eaa6b2e275b02967fd4a9a36248a6ae67e70996eb04,data\images\464968.jpg,image/png,569035.0
464948,https://media.cabiclio.com/products/464948-20250425000149.png,ok,,877.0,1400.0,8671b2edd76ed34e1fa1b014352c8fb72fa180776fef692c016dc0e04c2a3351,data\images\464948.jpg,image/png,816760.0
464951,https://media.cabiclio.com/products/464951-20250425000547.png,ok,,877.0,1400.0,3771591e9f9e40b1eada7a1673872f3bcf06756c4a0150d52f12c60be63e30b9,data\images\464951.jpg,image/png,731125.0
464964,https://media.cabiclio.com/products/464964-20250425001443.png,ok,,877.0,1400.0,6032348f5e0e190a26fd6f2764152e87e26d23a00bebe42597d53ba4b1b22d72,data\images\464964.jpg,image/png,791330.0
465067,https://media.cabiclio.com/products/465067-20250425004802.png,ok,,877.0,1400.0,023dcd00e68cd62ea63a3f8fa060d894430a544e4885605a8c9fcd6114c725b4,data\images\465067.jpg,image/png,289763.0
466690,https://media.cabiclio.com/products/466690-20250425005359.png,ok,,877.0,1400.0,82ba87bc8efe89ddf81ba1aa8512a48b53414dc97329af9f736ec964a2049644,data\images\466690.jpg,image/png,561670.0
466748,https://media.cabiclio.com/products/466748-20250425005944.png,ok,,877.0,1400.0,7478569ca66ea670b9d832f3ad4fc8336e66bd81f80da1e04aee39c36457243b,data\images\466748.jpg,image/png,311542.0
466746,https://media.cabiclio.com/products/466746-20250425005845.png,ok,,877.0,1400.0,0d34b8bb50a8e1453e8260079349de179bb0db32dd95c65900f6748a493142b0,data\images\466746.jpg,image/png,194347.0
466658,https://media.cabiclio.com/products/466658-20250425005233.png,ok,,877.0,1400.0,e163989d24d088d6a121fb083873192cb7679a9c10745250d88cff74e6b358b4,data\images\466658.jpg,image/png,1033046.0
464978,https://media.cabiclio.com/products/464978-20250425001850.png,ok,,877.0,1400.0,fca1ca0eaf6093fd46fbfa78604844914d1d355d48200e958de4c1e9694884cf,data\images\464978.jpg,image/png,1076264.0
466765,https://media.cabiclio.com/products/466765-20250425010456.png,ok,,877.0,1400.0,dad39335042a4e1c0aa59d973f08283997491664bf77dd30c80fa1b5bc762abe,data\images\466765.jpg,image/png,203356.0
464918,https://media.cabiclio.com/products/464918-20250424235237.png,ok,,877.0,1400.0,244fa487574a8403115f7b8c2eb3cc5128787dff7ad52c82b2f6c6f582ea74b5,data\images\464918.jpg,image/png,964259.0
464947,https://media.cabiclio.com/products/464947-20250425000056.png,ok,,877.0,1400.0,2a929146789cbe705712fd2e8a3532ae173822b39d7375caf5d780a4c93c602a,data\images\464947.jpg,image/png,882573.0
464973,https://media.cabiclio.com/products/464973-20250425001706.png,ok,,877.0,1400.0,94ffe18c73bf5e8ecefb3d045c6ca14b410a21aed92fcf42f4a3641ef6ce67b1,data\images\464973.jpg,image/png,1116653.0
464965,https://media.cabiclio.com/products/464965-20250425001534.png,ok,,877.0,1400.0,5aaa3890b79e007b801b162c4ac83d523acff0345dd85a8404dd46ee14cd5e09,data\images\464965.jpg,image/png,660521.0
466657,https://media.cabiclio.com/products/466657-20250425005152.png,ok,,877.0,1400.0,21daf6c01548a6a1b8e2cd35c7117eaf402fdd97577cecb6c0a11b1ad234a29f,data\images\466657.jpg,image/png,879674.0
466694,https://media.cabiclio.com/products/466694-20250425005615.png,ok,,877.0,1400.0,7e634d84f8a20121199cc4f7116912739c58278bc550abe861b13023ee93871e,data\images\466694.jpg,image/png,675135.0
466670,https://media.cabiclio.com/products/466670-20250425005316.png,ok,,877.0,1400.0,b77b7a789c28f91c0f63b77a9728e3fce42cdbd09cb706ee5fac7bc7024fe753,data\images\466670.jpg,image/png,608990.0
451200,https://media.cabiclio.com/products/451200-20241113024600.png,ok,,877.0,1400.0,060fb963aae6beb4e5b9cbb79a6968ce4e15dcde485ac77297116e91273e3ac0,data\images\451200.jpg,image/png,530787.0
462291,https://media.cabiclio.com/products/462291-20250424222131.png,ok,,1750.0,1400.0,740607eb6c6aeb9fc3c53d79dd215f6bebe438b0e90fc9590fdd42248a748e57,data\images\462291.jpg,image/png,1799469.0
451205,https://media.cabiclio.com/products/451205-20241113025059.png,ok,,877.0,1400.0,2bd0b84c499b68240c9a4d27175194241302ded3371d28e11d9fb385a3cf7921,data\images\451205.jpg,image/png,364490.0
451203,https://media.cabiclio.com/products/451203-20241113024851.png,ok,,877.0,1400.0,e48a9985ab5b130f107a818d129bf7811f065236fbf2d824c5cf14d0456adef2,data\images\451203.jpg,image/png,752725.0
452281,https://media.cabiclio.com/products/452281-20241113025742.png,ok,,877.0,1400.0,1cc3e4de2a26d457ae83eafcd1fa445f01b3e83245bcb692a66c1ff53e76226b,data\images\452281.jpg,image/png,221509.0
451206,https://media.cabiclio.com/products/451206-20241113025139.png,ok,,877.0,1400.0,23ea8c20e6291e23ae85feb0c78cf3d6b0a77cb40a1a731bc0d9590104ee0836,data\images\451206.jpg,image/png,350779.0
452279,https://media.cabiclio.com/products/452279-20241113025635.png,ok,,877.0,1400.0,fb5818c04e83ee01fa5c3774ea82e841638060e3067d69691942326fd65645b8,data\images\452279.jpg,image/png,225196.0
452275,https://media.cabiclio.com/products/452275-20241113025426.png,ok,,877.0,1400.0,29398b22a28e59afb046ca93d6695282807ca750a25d547807c8afd8e7b6d203,data\images\452275.jpg,image/png,275760.0
451202,https://media.cabiclio.com/products/451202-20241113024803.png,ok,,877.0,1400.0,fb1a45491aaa68104eb9fccfc48adf4343503ffa3cd60ec72e30cf217ea71515,data\images\451202.jpg,image/png,369299.0
455067,https://media.cabiclio.com/products/455067-20241113025948.png,ok,,877.0,1400.0,023dcd00e68cd62ea63a3f8fa060d894430a544e4885605a8c9fcd6114c725b4,data\images\455067.jpg,image/png,289763.0
451207,https://media.cabiclio.com/products/451207-20241113025215.png,ok,,877.0,1400.0,50fee33f68c58c9e526e1bf935594db16e40dbb0598ee92a699c6b065c7c1bfb,data\images\451207.jpg,image/png,1185735.0
451204,https://media.cabiclio.com/products/451204-20241113024953.png,ok,,877.0,1400.0,bde26b806ab5e8f5ee718470cc2f210f90351ca35d5114f54cb4abc8bca4fedf,data\images\451204.jpg,image/png,1032885.0
456653,https://media.cabiclio.com/products/456653-20241113030425.png,ok,,877.0,1400.0,0310dc56779b6a11ab6b315a57aa6bc3b2e25f596669bed2edadd7a0a0ef3e85,data\images\456653.jpg,image/png,617890.0
451209,https://media.cabiclio.com/products/451209-20241113025354.png,ok,,877.0,1400.0,8cfd14e619045418e0480e7bcc0825d06cd296aef6a570b3990aba161fd1616a,data\images\451209.jpg,image/png,567467.0
464938,https://media.cabiclio.com/products/464938-20250424235908.png,ok,,877.0,1400.0,36b532238bf0f0f0558524bd0e8f1591fe6d96b91837ea4c55161b038ae35f71,data\images\464938.jpg,image/png,551140.0
456655,https://media.cabiclio.com/products/456655-20241113030505.png,ok,,877.0,1400.0,26690a8bbf4e5aa8f2d8915f8c30cf57ffe3fc4eb7df8ca77d840e96a5780fd6,data\images\456655.jpg,image/png,824617.0
456656,https://media.cabiclio.com/products/456656-20241113030549.png,ok,,877.0,1400.0,9994c74143e9ae73b03482cd4c57b09b0ee70aadac25d6bf7338101aba276e60,data\images\456656.jpg,image/png,812013.0
456665,https://media.cabiclio.com/products/456665-20241113031044.png,ok,,877.0,1400.0,56211308938a5daa88d912c12020d46b52ed405cd7862f0671451f585fb0bdf9,data\images\456665.jpg,image/png,750870.0
456667,https://media.cabiclio.com/products/456667-20241113031128.png,ok,,877.0,1400.0,4306a74b6440a233ee54af12187f423d7600d841180e92db41e8d89fe81ba6ce,data\images\456667.jpg,image/png,553676.0
456662,https://media.cabiclio.com/products/456662-20241113030845.png,ok,,877.0,1400.0,e1fa01ea8f194106206ea895cfd764cd701cf2b96de6d7b030fcded023081c49,data\images\456662.jpg,image/png,909716.0
456663,https://media.cabiclio.com/products/456663-20241113030936.png,ok,,877.0,1400.0,3d4d14c394649b54d2f04680d079ca95921635a935437a85ca59cf50c6d6dbdb,data\images\456663.jpg,image/png,593587.0
456652,https://media.cabiclio.com/products/456652-20241113030238.png,ok,,877.0,1400.0,9c48f1f2381d8a9803a39d510481d1e60503452b88a1206c4728f84c3a0312a3,data\images\456652.jpg,image/png,722544.0
456658,https://media.cabiclio.com/products/456658-20241113030731.png,ok,,877.0,1400.0,e163989d24d088d6a121fb083873192cb7679a9c10745250d88cff74e6b358b4,data\images\456658.jpg,image/png,1033046.0
456657,https://media.cabiclio.com/products/456657-20241113030648.png,ok,,877.0,1400.0,21daf6c01548a6a1b8e2cd35c7117eaf402fdd97577cecb6c0a11b1ad234a29f,data\images\456657.jpg,image/png,879674.0
456664,https://media.cabiclio.com/products/456664-20241113031012.png,ok,,877.0,1400.0,2807455ec8afc53c996eeb6e434c96e53545a98b0d66c39af285013b4cc93978,data\images\456664.jpg,image/png,419841.0
456669,https://media.cabiclio.com/products/456669-20241113031218.png,ok,,877.0,1400.0,fb68f955fa94fc4a876a396692bd29096106af60469bc0b69582bb20adb3bf8a,data\images\456669.jpg,image/png,846034.0
456674,https://media.cabiclio.com/products/456674-20241113031524.png,ok,,877.0,1400.0,2c32b495c919d85f3f61e9a815a5c506a250920407ed04b32547e9deea2840ac,data\images\456674.jpg,image/png,852225.0
456671,https://media.cabiclio.com/products/456671-20241113031337.png,ok,,877.0,1400.0,ccb5d46ce85d84ae89df26671e1d0d714613241c83ea875364126d6031c5aff9,data\images\456671.jpg,image/png,634097.0
456672,https://media.cabiclio.com/products/456672-20241113031415.png,ok,,877.0,1400.0,cd2ae40caa4b7391572efea121140ae3d6628a3c543db2d1f71b90da4604cd80,data\images\456672.jpg,image/png,945318.0
456670,https://media.cabiclio.com/products/456670-20241113031304.png,ok,,877.0,1400.0,b77b7a789c28f91c0f63b77a9728e3fce42cdbd09cb706ee5fac7bc7024fe753,data\images\456670.jpg,image/png,608990.0
456661,https://media.cabiclio.com/products/456661-20241113030806.png,ok,,877.0,1400.0,12cba491341c908ba2f975fc469d46e83246d469aec512411a3a6879c9abb804,data\images\456661.jpg,image/png,615226.0
456676,https://media.cabiclio.com/products/456676-20241113031558.png,ok,,877.0,1400.0,4fafb83b5fd6a2858fd8543fb400b45af1cd2c678999bcedc2245408302520c0,data\images\456676.jpg,image/png,881427.0
456690,https://media.cabiclio.com/products/456690-20241113031757.png,ok,,877.0,1400.0,82ba87bc8efe89ddf81ba1aa8512a48b53414dc97329af9f736ec964a2049644,data\images\456690.jpg,image/png,561670.0
456692,https://media.cabiclio.com/products/456692-20241113031842.png,ok,,877.0,1400.0,ae2d33fb43b20fd6cd7e9f3d7a9d2ee04e152b9296380514f0280f5440e3ad95,data\images\456692.jpg,image/png,683475.0
456680,https://media.cabiclio.com/products/456680-20241113031713.png,ok,,877.0,1400.0,5486b0f31079e7e2de81febb7500d936db8fecfb0a7698ac9c841b5fcf0e5c7a,data\images\456680.jpg,image/png,841800.0
456679,https://media.cabiclio.com/products/456679-20241113031636.png,ok,,877.0,1400.0,d5f14b478376c3fea755f66959f0e94a18376d40cc04d7d05a120adf5642d141,data\images\456679.jpg,image/png,806435.0
456673,https://media.cabiclio.com/products/456673-20241113031453.png,ok,,877.0,1400.0,8f20eeee579419c585841318a3a8f9711de346c48e53676f7fcdf49bbb9e7469,data\images\456673.jpg,image/png,702611.0
456693,https://media.cabiclio.com/products/456693-20241113031924.png,ok,,877.0,1400.0,ab61c73c3c2c7f628db00bd510a145567c2c52531387dca65a7d359a699d2fe5,data\images\456693.jpg,image/png,778369.0
456695,https://media.cabiclio.com/products/456695-20241113032033.png,ok,,877.0,1400.0,bb5d9cda3180e14eb568493efafc5e19e13973a899deea465437b3f96dbc6799,data\images\456695.jpg,image/png,768803.0
456700,https://media.cabiclio.com/products/456700-20241113032154.png,ok,,877.0,1400.0,22222dee165b70b933f40e1e5531a03600c08508414d40b4414436b88280785c,data\images\456700.jpg,image/png,707212.0
456694,https://media.cabiclio.com/products/456694-20241113031958.png,ok,,877.0,1400.0,7e634d84f8a20121199cc4f7116912739c58278bc550abe861b13023ee93871e,data\images\456694.jpg,image/png,675135.0
456703,https://media.cabiclio.com/products/456703-20241113032308.png,ok,,877.0,1400.0,1a916072aa3beb69a31dd0720a5ab6ba4fa1082a52c62399feb6df99467b538c,data\images\456703.jpg,image/png,884233.0
456712,https://media.cabiclio.com/products/456712-20241113032706.png,ok,,877.0,1400.0,07358ebe7fd61b38b35cc32743a6117cb5237d6dc2c31b2124a5e228526cb0cc,data\images\456712.jpg,image/png,674652.0
456707,https://media.cabiclio.com/products/456707-20241113032514.png,ok,,877.0,1400.0,ecfb36b4411b2597ed56d05c878ce7339e02a092cbc62e021204489ca4835d5d,data\images\456707.jpg,image/png,661287.0
456706,https://media.cabiclio.com/products/456706-20241113032432.png,ok,,877.0,1400.0,08455ed0bede8991a66ce24ea6ac1d72bd67ca15d9a0a2eaecc72be9d85d63fe,data\images\456706.jpg,image/png,832268.0
456704,https://media.cabiclio.com/products/456704-20241113032350.png,ok,,877.0,1400.0,bf6062dd6a3ee9980ebe35c578657eaf4d7dd28b0aaa55e028cedd0224144e6f,data\images\456704.jpg,image/png,1073509.0
456701,https://media.cabiclio.com/products/456701-20241113032238.png,ok,,877.0,1400.0,4d673370334e2157b9e91652e459d91dc930ba0e0fabbdb351c17b64d2a07d57,data\images\456701.jpg,image/png,638795.0
456696,https://media.cabiclio.com/products/456696-20241113032114.png,ok,,877.0,1400.0,4fab09a75eb3bd36d37ba404fa16ce30f18419d6e1c10a62878bb47126cdd756,data\images\456696.jpg,image/png,1209366.0
456714,https://media.cabiclio.com/products/456714-20241113032759.png,ok,,877.0,1400.0,316b77583514e56e81cdf0d252d016dc00a5fab44cf281b214ed46408c087beb,data\images\456714.jpg,image/png,849599.0
456716,https://media.cabiclio.com/products/456716-20241113033112.png,ok,,877.0,1400.0,9be659a3e6af360a3aa3cd888f4ea49af27b6e34a5a94dc1e065809ff3d66752,data\images\456716.jpg,image/png,561826.0
451201,https://media.cabiclio.com/products/451201-20241113024715.png,ok,,877.0,1400.0,8dcc97d1935b035c9cefb6f7715c3843144df8a44366cd2fc96d4b90e17aa7c0,data\images\451201.jpg,image/png,909184.0
456719,https://media.cabiclio.com/products/456719-20241113042903.png,ok,,877.0,1400.0,9c0873869a0e1261cc31c9e635d4fb62dec9de76588060e4cbfcfd01997e6c0f,data\images\456719.jpg,image/png,564122.0
456724,https://media.cabiclio.com/products/456724-20241113043017.png,ok,,877.0,1400.0,c8e916cadef3083ab53e68129d146b96c97e674d33c6811226ddd96b1b532cd1,data\images\456724.jpg,image/png,347356.0
456721,https://media.cabiclio.com/products/456721-20241113042939.png,ok,,877.0,1400.0,1d54ea9e4915a1745f45437830b636693c6d649de7ec59d7dcedbebe1b49ee48,data\images\456721.jpg,image/png,686694.0
456728,https://media.cabiclio.com/products/456728-20241113043207.png,ok,,877.0,1400.0,4c414be3d1101b033645fd4fea1f04494bc59d3e55f9e0c350bfa201db182087,data\images\456728.jpg,image/png,589392.0
456709,https://media.cabiclio.com/products/456709-20241113032549.png,ok,,877.0,1400.0,f1d3f8bb3a94297ec5c755615df02aa46b593e48d521d792935ac9ed01f28fa0,data\images\456709.jpg,image/png,713421.0
456718,https://media.cabiclio.com/products/456718-20241113042825.png,ok,,877.0,1400.0,6894b1097acd9a34f8802ed8259b535e82140db1b36c9153ffa5de99d0fca35d,data\images\456718.jpg,image/png,886674.0
456715,https://media.cabiclio.com/products/456715-20241113032840.png,ok,,877.0,1400.0,3c538aa49614881ad6bbe0d7eb0e747641a14a2532c236aeec668b393ed55fce,data\images\456715.jpg,image/png,714676.0
456710,https://media.cabiclio.com/products/456710-20241113032628.png,ok,,877.0,1400.0,71e90b45232d213e7d710e26520ad0a2f48d9ae8c65fcb67fba21ee97a7a99e8,data\images\456710.jpg,image/png,1061515.0
451208,https://media.cabiclio.com/products/451208-20241113025257.png,ok,,877.0,1400.0,ee4f1f29eac29f195256bafc00b8b1b8dfef5b073a5a27910eec1512219250ce,data\images\451208.jpg,image/png,730040.0
456726,https://media.cabiclio.com/products/456726-20241113043122.png,ok,,877.0,1400.0,e83eebade4cc5d8f3186cef95a15d845eb99dcd3f04cdcd60c1a40893c2aa3b4,data\images\456726.jpg,image/png,720050.0
456725,https://media.cabiclio.com/products/456725-20241113043048.png,ok,,877.0,1400.0,f95963bc560f4fb43b24ee6e6405625b7ada4bb25a1b2ac2e75896e01c13b55d,data\images\456725.jpg,image/png,616716.0
456730,https://media.cabiclio.com/products/456730-20241113043247.png,ok,,877.0,1400.0,01ff1c634f7638f6d01d1b67b0ae7bee200871c9bff4ac24d22cba3097c90ec5,data\images\456730.jpg,image/png,650438.0
456740,https://media.cabiclio.com/products/456740-20241113043709.png,ok,,877.0,1400.0,166805835b3d590805c34db709cfbf0f7745af473fff3a1cc55a0da91f0e4407,data\images\456740.jpg,image/png,400972.0
456741,https://media.cabiclio.com/products/456741-20241113043753.png,ok,,877.0,1400.0,d5e64e675fc5097caee6a334fb86533bf4dc6e69d1d3705bbc92494bad6fbd77,data\images\456741.jpg,image/png,531252.0
456739,https://media.cabiclio.com/products/456739-20241113043637.png,ok,,877.0,1400.0,2fd09f13b10c10c14ca996ae88224b39cda43aa94e51ba70599c4cce12cca4e0,data\images\456739.jpg,image/png,873177.0
456732,https://media.cabiclio.com/products/456732-20241113043355.png,ok,,877.0,1400.0,f8e9653b37132cd759688e03eb66746d4ef4310f11442e7615619f720bdad397,data\images\456732.jpg,image/png,403358.0
456747,https://media.cabiclio.com/products/456747-20241113043943.png,ok,,877.0,1400.0,44e32675b7c8e6ef7b55e360e819c943d5ff290b38809775c65bbd447567f9ad,data\images\456747.jpg,image/png,385103.0
456746,https://media.cabiclio.com/products/456746-20241113043912.png,ok,,877.0,1400.0,0d34b8bb50a8e1453e8260079349de179bb0db32dd95c65900f6748a493142b0,data\images\456746.jpg,image/png,194347.0
456748,https://media.cabiclio.com/products/456748-20241113044027.png,ok,,877.0,1400.0,7478569ca66ea670b9d832f3ad4fc8336e66bd81f80da1e04aee39c36457243b,data\images\456748.jpg,image/png,311542.0
456742,https://media.cabiclio.com/products/456742-20241113043830.png,ok,,877.0,1400.0,8b6dac154ee5ada02c48f215d03b1660fb217ff1b8e9372c7798376a5a7b72ee,data\images\456742.jpg,image/png,600248.0
456735,https://media.cabiclio.com/products/456735-20241113043603.png,ok,,877.0,1400.0,3e41a1367df24cf2a3f70221042bc146c08b10bda6345367c6e8cc357e6ce987,data\images\456735.jpg,image/png,706047.0
456756,https://media.cabiclio.com/products/456756-20241113044252.png,ok,,877.0,1400.0,17cb761dac9d2b6aae6e2545d15897e5ad8370ff71519813118331e7cb289ad0,data\images\456756.jpg,image/png,373825.0
456749,https://media.cabiclio.com/products/456749-20241113044105.png,ok,,877.0,1400.0,884d4cbfb21be7dea6de6eae17af1e16ad52f202b83649b16c531566c8edba26,data\images\456749.jpg,image/png,266694.0
456754,https://media.cabiclio.com/products/456754-20241113044139.png,ok,,877.0,1400.0,16fdd6d2590488755f1814354454ebe6364905cfa31f126d180187a7007d6df3,data\images\456754.jpg,image/png,375632.0
456731,https://media.cabiclio.com/products/456731-20241113043321.png,ok,,877.0,1400.0,2fd9b8de0330ae3b017dd171b01a06696b18d93f59009df57349cb668894deb1,data\images\456731.jpg,image/png,762212.0
456765,https://media.cabiclio.com/products/456765-20241113044550.png,ok,,877.0,1400.0,dad39335042a4e1c0aa59d973f08283997491664bf77dd30c80fa1b5bc762abe,data\images\456765.jpg,image/png,203356.0
456755,https://media.cabiclio.com/products/456755-20241113044212.png,ok,,877.0,1400.0,13eb8f6487252ede355aaf9312495157737af480701f84d28d48975ff738c65a,data\images\456755.jpg,image/png,824159.0
456734,https://media.cabiclio.com/products/456734-20241113043529.png,ok,,877.0,1400.0,b9c39632b0d61e38a3c0b812cee385cabecc1ca3d9bfc22031bece8decc46480,data\images\456734.jpg,image/png,863718.0
456772,https://media.cabiclio.com/products/456772-20250317001925.png,ok,,877.0,1400.0,8907e18776fa48ccdcad0eaff44dd23d04c738550554121f5e33a2ed1de834bc,data\images\456772.jpg,image/png,851589.0
456764,https://media.cabiclio.com/products/456764-20241113044518.png,ok,,877.0,1400.0,41f1b79ac5864b5d2510270a1ffad7a1269f45e77ddf12f6ce7d829ba10fa5e8,data\images\456764.jpg,image/png,705022.0
456778,https://media.cabiclio.com/products/456778-20250221001602.png,ok,,877.0,1400.0,46398ea903798b24509978d3ff05c3a8499a25ee39c3ef989284f50107c0a884,data\images\456778.jpg,image/png,565881.0
456775,https://media.cabiclio.com/products/456775-20250221001405.png,ok,,877.0,1400.0,60f7d601defb82315bf9680e75eba38a2f7345c4d3c8712064a25fc386816b08,data\images\456775.jpg,image/png,856512.0
456780,https://media.cabiclio.com/products/456780-20250221001726.png,ok,,877.0,1400.0,9e53c66b644459c80bb2ade27ea8a8388226fc758bab88f251e5f1d5bb95ff43,data\images\456780.jpg,image/png,855229.0
456774,https://media.cabiclio.com/products/456774-20250317002002.png,ok,,877.0,1400.0,3524870d4aec8ace5306880fbdb1cc524b80bab04431a6d30504f0024450413c,data\images\456774.jpg,image/png,1106914.0
456771,https://media.cabiclio.com/products/456771-20250221001332.png,ok,,877.0,1400.0,b02105fb5ac318cd16fb0d82b03f6c7070ab93b79702420a96573233115ce160,data\images\456771.jpg,image/png,982876.0
456777,https://media.cabiclio.com/products/456777-20250221001510.png,ok,,877.0,1400.0,03a9d4bd0f441388484677240db1240048df3bd465a7506ccd37e4bfe2d8e6c2,data\images\456777.jpg,image/png,814247.0
456786,https://media.cabiclio.com/products/456786-20250224085108.png,ok,,877.0,1400.0,df589ba492b8a5ed84bcd09f25f0bc9ca8f82cc18adb6892405392f16fa8efac,data\images\456786.jpg,image/png,361715.0
456759,https://media.cabiclio.com/products/456759-20241113044352.png,ok,,877.0,1400.0,cdbab03973796a10d5b5f2f7d55e1b91bf829d4e8b109e168d0de97582f5b1ee,data\images\456759.jpg,image/png,1828442.0
456782,https://media.cabiclio.com/products/456782-20250317002108.png,ok,,877.0,1400.0,2c70643a44b94858f1bbffb1c2550ca6b10fc3565765eda02b2227ce2fd07598,data\images\456782.jpg,image/png,699356.0
456783,https://media.cabiclio.com/products/456783-20250221001841.png,ok,,877.0,1400.0,b89af51513f8304f91da28888f1c00b885cc2f6121a4582f64421ed67655393a,data\images\456783.jpg,image/png,703273.0
456785,https://media.cabiclio.com/products/456785-20250317002233.png,ok,,877.0,1400.0,db6a7188627b4150075217f35cf851ccdb7b08d4e01c552580abd435c7a6d497,data\images\456785.jpg,image/png,646365.0
456781,https://media.cabiclio.com/products/456781-20250221001803.png,ok,,877.0,1400.0,a93beb82ea1757cb330db1ff6344c582f22d050b80a7ba529f4abf1c619ac179,data\images\456781.jpg,image/png,840684.0
456761,https://media.cabiclio.com/products/456761-20241113044430.png,ok,,877.0,1400.0,8baf5138be9a644399c219b03e1500d108d3bc27ad9ef00226fa162242f8ddd3,data\images\456761.jpg,image/png,1099058.0
456788,https://media.cabiclio.com/products/456788-20250317002502.png,ok,,877.0,1400.0,9c012b56364c5136484598866c17f52be20d02c4bff61bb79bec8d33a2bf79d9,data\images\456788.jpg,image/png,491126.0
456791,https://media.cabiclio.com/products/456791-20250221001917.png,ok,,877.0,1400.0,49a44e1b2b957cc3793cfbd72c5f63664b35cf8156f4975249df4fab584689ee,data\images\456791.jpg,image/png,789508.0
452276,https://media.cabiclio.com/products/452276-20241113025500.png,ok,,877.0,1400.0,b83612afcdc6b6ff9da6977539618be33a967fa2355be05788efc100d2306e4b,data\images\452276.jpg,image/png,501231.0
456792,https://media.cabiclio.com/products/456792-20250221001952.png,ok,,877.0,1400.0,a2b6bdbaae653f137cd530887fee6acddabb649714fa944e92fa504573108015,data\images\456792.jpg,image/png,440957.0
456787,https://media.cabiclio.com/products/456787-20250317002312.png,ok,,877.0,1400.0,a9036a7fd1f2bca5afe947dec0c30b8576a979180d5128cdc99edf39ab06b1b9,data\images\456787.jpg,image/png,470265.0
456793,https://media.cabiclio.com/products/456793-20250221002033.png,ok,,877.0,1400.0,27dc9c90d7ee0c56b9b580efd0cf45b94b90a274ae9c17d5d002e2ec3a0febb5,data\images\456793.jpg,image/png,418032.0
456733,https://media.cabiclio.com/products/456733-20241113043439.png,ok,,877.0,1400.0,1643cfa82cf9e9768619bd6042755c3a973d06078809e9d6e364857088636401,data\images\456733.jpg,image/png,613645.0
456802,https://media.cabiclio.com/products/456802-20250221002344.png,ok,,877.0,1400.0,d88159d29f43bf957f9442b2ce989337f175c1c77458993abc2fa920391f2c1c,data\images\456802.jpg,image/png,403797.0
456806,https://media.cabiclio.com/products/456806-20250221002420.png,ok,,877.0,1400.0,5ea483e8ba445265c468fe149ffdee8fe5c7d05584c03e3881e0ff61828b10cb,data\images\456806.jpg,image/png,1646744.0
456796,https://media.cabiclio.com/products/456796-20250221002211.png,ok,,877.0,1400.0,8e1bfe324ccbc448422cc4622fe53fa41ea4f9621bff61259cb9a34610439b8c,data\images\456796.jpg,image/png,774719.0
456799,https://media.cabiclio.com/products/456799-20250317002847.png,ok,,877.0,1400.0,be6be5721933c8a29377fce3ba3fee7db500d6aa4c95dcc000dbfe25df62c79f,data\images\456799.jpg,image/png,515599.0
456808,https://media.cabiclio.com/products/456808-20250221002605.png,ok,,877.0,1400.0,be7ae67d46c87d53c3a2d389cc280456765edaddee96326884bc76a26fa3144a,data\images\456808.jpg,image/png,885813.0
456800,https://media.cabiclio.com/products/456800-20250317003022.png,ok,,877.0,1400.0,1981bc811fa9e3919c151b983a0f4f328a79eec7c85db52951ce9be1e619733b,data\images\456800.jpg,image/png,509386.0
456801,https://media.cabiclio.com/products/456801-20250221002304.png,ok,,877.0,1400.0,d65f70cfba268e851b74ecb91fc85045e8ee955421065926ea4ed84217e88ae7,data\images\456801.jpg,image/png,771025.0
456807,https://media.cabiclio.com/products/456807-20250317003103.png,ok,,877.0,1400.0,598ad7da7e9970dd18ffd0f20428dcef1db2bbe5d94f53d3674df9ed6df42743,data\images\456807.jpg,image/png,753104.0
456810,https://media.cabiclio.com/products/456810-20250221002644.png,ok,,877.0,1400.0,483429a596a0e4844db455fc281bc380dc9d0259fab6819099824a9524269147,data\images\456810.jpg,image/png,865134.0
456809,https://media.cabiclio.com/products/456809-20250317003145.png,ok,,877.0,1400.0,741e45f37631915273c029e3a7d925ea451ba009db559626ea38f03b60092ed7,data\images\456809.jpg,image/png,598065.0
456717,https://media.cabiclio.com/products/456717-20241113042734.png,ok,,877.0,1400.0,7fdcab2965ff82db79d1f20edcd7058c668d7291fc760485dfac3cdb66f7a9bf,data\images\456717.jpg,image/png,862535.0
442267,https://media.cabiclio.com/products/442267-20240719124018.png,ok,,877.0,1400.0,fea8fc562449e476e43b81b355462f81b0dfbf6ca599938a5adb0a89ae58676f,data\images\442267.jpg,image/png,359429.0
442268,https://media.cabiclio.com/products/442268-20240719124104.png,ok,,877.0,1400.0,083b717ed7e09148b4a7ce3fa99205faf664b417bf34d0580f728f87ea9f2f7c,data\images\442268.jpg,image/png,216220.0
456816,https://media.cabiclio.com/products/456816-20250221003034.png,ok,,877.0,1400.0,a4c8824dac252e3cd0f0c7028f6d2e218966b42cd17f834427516d8ac95c423a,data\images\456816.jpg,image/png,1053661.0
442266,https://media.cabiclio.com/products/442266-20240719123956.png,ok,,877.0,1400.0,5b6acef586feff7d1520d1ee0a451b08660422d12f673a2318fdc466a412e18a,data\images\442266.jpg,image/png,616778.0
442270,https://media.cabiclio.com/products/442270-20240719124153.png,ok,,877.0,1400.0,9bf1151c7693d27c93c5168326c2ad86ae2968a575cd15bfbfea76575d55fbcf,data\images\442270.jpg,image/png,538338.0
442272,https://media.cabiclio.com/products/442272-20240719124245.png,ok,,877.0,1400.0,4989489a1ab5d09dd9462360bc834a88c92a82e535e3773b6fb7de6c557064b7,data\images\442272.jpg,image/png,383739.0
442269,https://media.cabiclio.com/products/442269-20240719124129.png,ok,,877.0,1400.0,44648cd4a98daf933ed7bf5b18e0721075804ac63feaa4e5547c750a28c8b131,data\images\442269.jpg,image/png,377673.0
456795,https://media.cabiclio.com/products/456795-20250221002122.png,ok,,877.0,1400.0,db4a2616e356518636f1938d3e68cd236ff9bb6999e5dc2c1efec546d523272b,data\images\456795.jpg,image/png,974441.0
442271,https://media.cabiclio.com/products/442271-20240719124221.png,ok,,877.0,1400.0,f4e78359dab1a3d785aa23d5ee7a0b9ecad29c7f0994ead86d93b5d5f58cb907,data\images\442271.jpg,image/png,298820.0
442273,https://media.cabiclio.com/products/442273-20240719124304.png,ok,,877.0,1400.0,54199c5b13f4e93d22fa47f2208263bc39e0d484223bad3badadea0b0936ff52,data\images\442273.jpg,image/png,325031.0
444652,https://media.cabiclio.com/products/444652-20240503020538.png,ok,,877.0,1400.0,1058f83cc1b489825d077452c8e34e55b597b2b51478c9617ff494a0024fe5e2,data\images\444652.jpg,image/png,755680.0
444654,https://media.cabiclio.com/products/444654-20240503020708.png,ok,,877.0,1400.0,73c9de4b88ccae065d13f71370f72e99fa088ca5569695baa0f1f7bbb4a6e43f,data\images\444654.jpg,image/png,739267.0
444651,https://media.cabiclio.com/products/444651-20240503020503.png,ok,,877.0,1400.0,d2481773dce6641b9534bbcec4380a7bbfe1086d5f8af3eec92ab15911758778,data\images\444651.jpg,image/png,944139.0
444655,https://media.cabiclio.com/products/444655-20240503020753.png,ok,,877.0,1400.0,2a818925d4634a765d8fba4d96a23699ca142c3e86de0e55bccebf14ae60ff48,data\images\444655.jpg,image/png,950455.0
444653,https://media.cabiclio.com/products/444653-20240503020615.png,ok,,877.0,1400.0,7e00e6b578da60bc4cf4dafb42a6fb79aeb0ae87f8211a2dc7d731a2b363e84e,data\images\444653.jpg,image/png,945034.0
456817,https://media.cabiclio.com/products/456817-20250221003242.png,ok,,877.0,1400.0,5824885a613b4e76ed22e786af7078af21ea61cce9f485d99662bdf4a2b4f3c0,data\images\456817.jpg,image/png,1255853.0
444657,https://media.cabiclio.com/products/444657-20240503020931.png,ok,,877.0,1400.0,a08101825264115ae8d74a0172d83b117c0f73dc96e98c0b64907148e7a68078,data\images\444657.jpg,image/png,1012688.0
444673,https://media.cabiclio.com/products/444673-20240503015540.png,ok,,877.0,1400.0,11409210acca0381a2ade3848971ee725d104b21b7d29d14d53396ed1697d637,data\images\444673.jpg,image/png,640937.0
444658,https://media.cabiclio.com/products/444658-20240503021426.png,ok,,877.0,1400.0,bff6758f5105431228b3f17ce26b8edd4eead1c28ec51e324e42e359cba7b0ee,data\images\444658.jpg,image/png,998137.0
444656,https://media.cabiclio.com/products/444656-20240503020846.png,ok,,877.0,1400.0,042536edb33df9488bb339bb98d7ad4b49e20f3e469deed73f5f2ad036b000d8,data\images\444656.jpg,image/png,1139195.0
444663,https://media.cabiclio.com/products/444663-20240503022042.png,ok,,877.0,1400.0,b1ea0038e8be5eb633a410d669481c69c2b78a43cec2c2114e7a9a02568c197b,data\images\444663.jpg,image/png,1068310.0
444659,https://media.cabiclio.com/products/444659-20240503021527.png,ok,,877.0,1400.0,77a231924cd71a7ab03a237b4f784e523832327cceb5f4892c865f21a480bc27,data\images\444659.jpg,image/png,1000950.0
444679,https://media.cabiclio.com/products/444679-20240503015943.png,ok,,877.0,1400.0,ff06f4974fe2ca60c55efc1d40c3279d4275fff0ab9899740fca4f27748c6658,data\images\444679.jpg,image/png,944524.0
444678,https://media.cabiclio.com/products/444678-20240503015907.png,ok,,877.0,1400.0,c3c918b1dde28e2074fc47ada5c5f64bdf28357f5290b64f7da2e65b8aa0fcc3,data\images\444678.jpg,image/png,1097798.0
444676,https://media.cabiclio.com/products/444676-20240503015749.png,ok,,877.0,1400.0,5172f7e2b43630f64ecd67716a27b275b14905fd11bdec8ff01110c863cf6ba4,data\images\444676.jpg,image/png,1103025.0
444677,https://media.cabiclio.com/products/444677-20240503015825.png,ok,,877.0,1400.0,0124b5f0fe2b97b83bac2f80c739d34c7e66ce7285c1afa4d3209bafc7e8631a,data\images\444677.jpg,image/png,1279943.0
444675,https://media.cabiclio.com/products/444675-20240528054313.png,ok,,877.0,1400.0,3512d43bc9082851ea62a1987e2989402cdf8c2b6b3a48f2d2751d53b285ebe4,data\images\444675.jpg,image/png,1249038.0
444650,https://media.cabiclio.com/products/444650-20240503020348.png,ok,,877.0,1400.0,cf1d47737d23a7cff5bd079011f287fb8db4f5a62163203fd7e783fe27042238,data\images\444650.jpg,image/png,2048404.0
444662,https://media.cabiclio.com/products/444662-20240503021910.png,ok,,877.0,1400.0,5e039511d1a8d02ca182e15346585863a3063f6b4861ef4e09291b6c12479e2a,data\images\444662.jpg,image/png,972159.0
444692,https://media.cabiclio.com/products/444692-20240503000007.png,ok,,877.0,1400.0,6b8e3dd9e9fe7818e0dde80061d3148e9734c7ef9b10a4021db7904620306015,data\images\444692.jpg,image/png,519031.0
452278,https://media.cabiclio.com/products/452278-20241113025602.png,ok,,877.0,1400.0,b8b3a50b50a34493233b98c715f87ee5ce8b5fdf40b87563d38b6262156ae7bc,data\images\452278.jpg,image/png,479689.0
452280,https://media.cabiclio.com/products/452280-20241113025705.png,ok,,877.0,1400.0,962509a498bce58e2ff546a9979d9d9ead5414f7dfd27d1dd9205133265065c8,data\images\452280.jpg,image/png,588827.0
444672,https://media.cabiclio.com/products/444672-20240503002752.png,ok,,877.0,1400.0,7fb13a58187849043c52b06138b6edc3888c9f2dddba11fe9e0a6b6da47f679e,data\images\444672.jpg,image/png,1179192.0
452277,https://media.cabiclio.com/products/452277-20241113025529.png,ok,,877.0,1400.0,63c386321cce63b8c36b829e342cf07e7718f2429535db99d88cfe8a7fc026df,data\images\452277.jpg,image/png,479272.0
444680,https://media.cabiclio.com/products/444680-20240503020022.png,ok,,877.0,1400.0,733270c85660f28f57cf4c4ca2cb2e5d215779236325b6905bc8cb1009897d07,data\images\444680.jpg,image/png,1021205.0
444695,https://media.cabiclio.com/products/444695-20240503000250.png,ok,,877.0,1400.0,deea2b6333927911e43b02cc34bf5f3d87d7b29514975fca64ddd945512a713a,data\images\444695.jpg,image/png,530581.0
444696,https://media.cabiclio.com/products/444696-20240503000407.png,ok,,877.0,1400.0,1bb6b2ca1f4e67ceacce9f53cc414205b7d9e8a62c718ad2910a1cfd608c12c3,data\images\444696.jpg,image/png,818074.0
444681,https://media.cabiclio.com/products/444681-20240503020107.png,ok,,877.0,1400.0,f41171c83bae4a668b9129332a2531bf85807807ada807041a90beeaa85b779a,data\images\444681.jpg,image/png,948861.0
444674,https://media.cabiclio.com/products/444674-20240503015619.png,ok,,877.0,1400.0,3c30b5c56385cf1e8e4d8270b137ba21a6f69263ae642ec0942f09116d4943ea,data\images\444674.jpg,image/png,1481744.0
444689,https://media.cabiclio.com/products/444689-20240502235634.png,ok,,877.0,1400.0,48dc27b0d1172ddbb8f2192117794d592dd73f98e36ebe3fb9d6420508588595,data\images\444689.jpg,image/png,1202393.0
444697,https://media.cabiclio.com/products/444697-20240503000751.png,ok,,877.0,1400.0,2b161ee3b989cdfb3d97ce536c8a518d51b4e52dde5541e341837000da77b61c,data\images\444697.jpg,image/png,738809.0
444698,https://media.cabiclio.com/products/444698-20240503000903.png,ok,,877.0,1400.0,60ecc2cfddb5a03022323a982fb4e84a8b8e7c26656172d1928488b71be99296,data\images\444698.jpg,image/png,1061733.0
444694,https://media.cabiclio.com/products/444694-20240503000102.png,ok,,877.0,1400.0,2c892a3bde5673c334eb66e6e4f550f6bb8bf9a3cda092e306ad7ccadec30e0a,data\images\444694.jpg,image/png,790698.0
452282,https://media.cabiclio.com/products/452282-20241113025900.png,ok,,877.0,1400.0,169d62d3b06508e80923760363e6d90c4b924b12b8a6591fff101bbc6ce8fd15,data\images\452282.jpg,image/png,356285.0
444690,https://media.cabiclio.com/products/444690-20240502235843.png,ok,,877.0,1400.0,4e91230f95af99692cf748deaf0a1695a7862bb551cd9fcee4b4aeb0a5ec3c37,data\images\444690.jpg,image/png,976039.0
444712,https://media.cabiclio.com/products/444712-20240503022438.png,ok,,877.0,1400.0,4c9d8cb1f6db70a74d941700d85187dba20430d3cebc1d98e3bce4d9e6f88bc6,data\images\444712.jpg,image/png,757779.0
444707,https://media.cabiclio.com/products/444707-20240503001424.png,ok,,877.0,1400.0,001077546320a0b9cef3df2627884ae1d407840467f37dbfa6d46704e6a889ec,data\images\444707.jpg,image/png,932510.0
444704,https://media.cabiclio.com/products/444704-20240503001141.png,ok,,877.0,1400.0,b3637bcbf255471efe361694f3f1f6cf9b7d58e6c95059531c2689ecb7633e54,data\images\444704.jpg,image/png,1092840.0
444714,https://media.cabiclio.com/products/444714-20240503022641.png,ok,,877.0,1400.0,1756d940f84fe0ccc265e8dbd7d18006103c028d4fa46ce3d56961f5bcc9aef0,data\images\444714.jpg,image/png,700837.0
444717,https://media.cabiclio.com/products/444717-20240503022923.png,ok,,877.0,1400.0,2ab302fd3920d59ac3399e4ad9ef1c61b093a2e8d50c0b4c709620c9e3ee3425,data\images\444717.jpg,image/png,491348.0
444710,https://media.cabiclio.com/products/444710-20240503022142.png,ok,,877.0,1400.0,da5d4e39209c8e4279810372b949bad9ffb2208173d3ce584ab6befd4ff6aad6,data\images\444710.jpg,image/png,1071948.0
444732,https://media.cabiclio.com/products/444732-20240503024211.png,ok,,877.0,1400.0,c46f7a0787309c5697c9d3d428b3f1291734215cabd789d101c878b2f21c14c3,data\images\444732.jpg,image/png,581658.0
444733,https://media.cabiclio.com/products/444733-20240503024300.png,ok,,877.0,1400.0,2fa3ff08aceb934f42f0d87b771294516666d00a53e74261e2b529c3530aeef3,data\images\444733.jpg,image/png,372381.0
444721,https://media.cabiclio.com/products/444721-20240503023225.png,ok,,877.0,1400.0,eaa9b636b76e5534aa6837d47b435925788156dbf1a9b5132d57ddb0582acc23,data\images\444721.jpg,image/png,708442.0
444713,https://media.cabiclio.com/products/444713-20240503022517.png,ok,,877.0,1400.0,e98adeb786308531cdc07f66397d6fdff3844800095d4aada87af357bb3dab12,data\images\444713.jpg,image/png,808268.0
444705,https://media.cabiclio.com/products/444705-20240503001317.png,ok,,877.0,1400.0,03ac73647b163a8d67add16c6b4a311a8f340055c785042b24bfa8158a30dc85,data\images\444705.jpg,image/png,967432.0
444720,https://media.cabiclio.com/products/444720-20240503023105.png,ok,,877.0,1400.0,5b4e614d7c2ea34132877925a3059fb288da62f4e754c49673949edae55b4007,data\images\444720.jpg,image/png,929723.0
444701,https://media.cabiclio.com/products/444701-20240503001016.png,ok,,877.0,1400.0,caac02792585dfee1ab4973dff4bd1d8c73726eb9824ee65be7873f88642fdb6,data\images\444701.jpg,image/png,581931.0
444716,https://media.cabiclio.com/products/444716-20240503022841.png,ok,,877.0,1400.0,c4cacab2515033b821f6b720537c4d90e898da1a5692af9c339e36471bfcde1e,data\images\444716.jpg,image/png,917491.0
444737,https://media.cabiclio.com/products/444737-20240503024540.png,ok,,877.0,1400.0,a16bb989d621bac14a1168d0977160cc23058211aebab2832baa7b06b1ce5e59,data\images\444737.jpg,image/png,393444.0
444735,https://media.cabiclio.com/products/444735-20240503024457.png,ok,,877.0,1400.0,675caa1c10c05b9c2eac2f05eccad80c5911bb7ba89c1df8315dc11641698729,data\images\444735.jpg,image/png,567560.0
444738,https://media.cabiclio.com/products/444738-20240503024635.png,ok,,877.0,1400.0,31468d2d2fde725eb54a8c8e751c13a5bac622ac10fcd161b8fc6aeb286a51c3,data\images\444738.jpg,image/png,502237.0
444734,https://media.cabiclio.com/products/444734-20240503024357.png,ok,,877.0,1400.0,1d4ed29881c0e8b16b8c99d5df69c19b0097e96e1c039cafcd391c3c01fe505e,data\images\444734.jpg,image/png,477167.0
444718,https://media.cabiclio.com/products/444718-20240503023023.png,ok,,877.0,1400.0,edf93fd12c6db3513a8eccd9a4b42ce087945889c9b847e00c1bb4db7348dc55,data\images\444718.jpg,image/png,836384.0
444711,https://media.cabiclio.com/products/444711-20240503022254.png,ok,,877.0,1400.0,ef287ddca463bfbb323253635e9850d8caef06d42fb21e051f9a35ec7d3461f9,data\images\444711.jpg,image/png,1022767.0
444731,https://media.cabiclio.com/products/444731-20240503023729.png,ok,,877.0,1400.0,a8d4cfa0b65b819188d53eea9cbcf6d30c538072a2f6889a6f737f70cf4d89a6,data\images\444731.jpg,image/png,631618.0
444723,https://media.cabiclio.com/products/444723-20240503023353.png,ok,,877.0,1400.0,89903d62097698661a99a629b740aefd0f1e127c1b9f859923a50580a2908fd4,data\images\444723.jpg,image/png,646418.0
444740,https://media.cabiclio.com/products/444740-20240503024901.png,ok,,877.0,1400.0,6dda2c72e96da8cdf8650c559772c782b1bb8f531a3a8a9cc72ac6cfbf0f462e,data\images\444740.jpg,image/png,485868.0
444742,https://media.cabiclio.com/products/444742-20240503025155.png,ok,,877.0,1400.0,be092ed12e65a0d9df8aea0d02e4376a176f44fac52239ee075a2709b40e7051,data\images\444742.jpg,image/png,405426.0
444759,https://media.cabiclio.com/products/444759-20240503032936.png,ok,,877.0,1400.0,7478569ca66ea670b9d832f3ad4fc8336e66bd81f80da1e04aee39c36457243b,data\images\444759.jpg,image/png,311542.0
444739,https://media.cabiclio.com/products/444739-20240503024734.png,ok,,877.0,1400.0,6ca25ed5391b999c98a9cabf7cf40ef7f63abd426835b073c48f408f10b3ee09,data\images\444739.jpg,image/png,744833.0
444758,https://media.cabiclio.com/products/444758-20240503032841.png,ok,,877.0,1400.0,b188c5bee2fcabef58c9fd55c4ccd9ea57e2feeedb50fc3bc12a635d53ddc1da,data\images\444758.jpg,image/png,344344.0
444753,https://media.cabiclio.com/products/444753-20240503032801.png,ok,,877.0,1400.0,b64861c36b15087d52990729c691e57eaf40f9ce39e1a07f6c6a625767bf328d,data\images\444753.jpg,image/png,398662.0
444743,https://media.cabiclio.com/products/444743-20240503025300.png,ok,,877.0,1400.0,746c0cea32a8a5a0f89b838805df480fdef93b6d7667b68522d1236871a9361e,data\images\444743.jpg,image/png,435376.0
444741,https://media.cabiclio.com/products/444741-20240503025046.png,ok,,877.0,1400.0,f57a96a6848fd7fb4f3be3d291be721daddceb219cb6d67d3e6f410ed0445f44,data\images\444741.jpg,image/png,636998.0
444764,https://media.cabiclio.com/products/444764-20240503001917.png,ok,,877.0,1400.0,f9bbdd33679073a20dc0a241e5fc735f02500935bcaa968001cf756d99ca493e,data\images\444764.jpg,image/png,302408.0
444750,https://media.cabiclio.com/products/444750-20240503032543.png,ok,,877.0,1400.0,9ed3e8b5e68547aba4b44e9a660db59d444fadf18b9b0cda06f0dae8369907ce,data\images\444750.jpg,image/png,837896.0
444749,https://media.cabiclio.com/products/444749-20240503025431.png,ok,,877.0,1400.0,f424c842d2ab82f0a1d212c8832f8460cb898259aeb5ce63f6089cb5f50d6bd9,data\images\444749.jpg,image/png,594135.0
444765,https://media.cabiclio.com/products/444765-20240503002144.png,ok,,877.0,1400.0,2f42e35ae68f12f3621674aaa6e121f8b6d47f98e6b54e73152e4f8d84800d0c,data\images\444765.jpg,image/png,611414.0
444715,https://media.cabiclio.com/products/444715-20240503022742.png,ok,,877.0,1400.0,6e3b60ddbbd57b11199d5475da286fec2689bdbb9e084656a57cb0b12a2e3bb7,data\images\444715.jpg,image/png,929040.0
444776,https://media.cabiclio.com/products/444776-20240717164216.png,ok,,877.0,1400.0,0d48977c45f0864d3cf86ad48caada6960146c1cbd17a413ebe22f79d5ee2f71,data\images\444776.jpg,image/png,751148.0
444746,https://media.cabiclio.com/products/444746-20240503025347.png,ok,,877.0,1400.0,70d29250b11761368d30b9df505ab6e435ebe71f978e4ea7bc490284d1b922f1,data\images\444746.jpg,image/png,574652.0
444768,https://media.cabiclio.com/products/444768-20240503002430.png,ok,,877.0,1400.0,55169e4f0cac08734abcd115d158eee1849e5a40a20c3f4c8d14d67a7f454859,data\images\444768.jpg,image/png,508358.0
444751,https://media.cabiclio.com/products/444751-20240503032632.png,ok,,877.0,1400.0,2b9f2b17a37a55831e3d83c12fa3813ae45b2460661ea7238b6050a3f0e8176a,data\images\444751.jpg,image/png,789911.0
444777,https://media.cabiclio.com/products/444777-20240717121131.png,ok,,877.0,1400.0,b89564accf6b661f59631cd819db9b5ff3c911f0462d4e0d8c1e3421526295d0,data\images\444777.jpg,image/png,299285.0
444760,https://media.cabiclio.com/products/444760-20240503033029.png,ok,,877.0,1400.0,f717da82c1e977ecd198adf57e47989596a573c687055e2217bafc9146dd9818,data\images\444760.jpg,image/png,795345.0
444752,https://media.cabiclio.com/products/444752-20240503032715.png,ok,,877.0,1400.0,0414dc53596e040d6bb1bd0746ad61ee31defb92ad4380be7c0b0ed790aee2bf,data\images\444752.jpg,image/png,911011.0
444790,https://media.cabiclio.com/products/444790-20240807030242.png,ok,,877.0,1400.0,816eaf9972acfd172b65e719992fa29a6404dd0b46357bea3802b0af00cf5e5b,data\images\444790.jpg,image/png,1004205.0
444786,https://media.cabiclio.com/products/444786-20240807030044.png,ok,,877.0,1400.0,6dc54c775b0f75c6e77db12d3954d387bf00dd004c9f2d76da49e9540993c401,data\images\444786.jpg,image/png,952041.0
444785,https://media.cabiclio.com/products/444785-20240807025945.png,ok,,877.0,1400.0,fa78cad43a7280bfb092aeb725e787596da64ce65ee4230af93b3ae886636c25,data\images\444785.jpg,image/png,723425.0
444795,https://media.cabiclio.com/products/444795-20240807030443.png,ok,,877.0,1400.0,5697476f6f0302aa0aa090db9615c00fa787541224eb5802b7b30137e627b3c0,data\images\444795.jpg,image/png,600669.0
444792,https://media.cabiclio.com/products/444792-20240807030410.png,ok,,877.0,1400.0,1c252839ca5526b64f294f5760426b7f50716323b705d2abe8a5beafc9165940,data\images\444792.jpg,image/png,660041.0
444782,https://media.cabiclio.com/products/444782-20240807025808.png,ok,,877.0,1400.0,8257fba0810a4d2b1c6c209b7afb064f4fb1fafb41201d02d0026c81f6a05add,data\images\444782.jpg,image/png,805622.0
444791,https://media.cabiclio.com/products/444791-20240807030315.png,ok,,877.0,1400.0,458b027db5ce7c8040e1a95118cb7d7ea6d71864b95ea0c29a14fbaf074c4845,data\images\444791.jpg,image/png,744964.0
444771,https://media.cabiclio.com/products/444771-20240503002555.png,ok,,877.0,1400.0,6e4bd0529beac44b2bcbf17eb1c99eb5ec0cb1efc52513b2da0c577f0537d7e1,data\images\444771.jpg,image/png,1158591.0
444784,https://media.cabiclio.com/products/444784-20240807025842.png,ok,,877.0,1400.0,dd8ba2d2d222d0940888367b1241baec8d4b21dfbb06fceb897f4a9c34012096,data\images\444784.jpg,image/png,1105309.0
444772,https://media.cabiclio.com/products/444772-20240503002644.png,ok,,877.0,1400.0,2baf67c7d1ee85f3aefe93b14ee2f3e42dfd015a9aad0b705cf24587895d4928,data\images\444772.jpg,image/png,1611765.0
444781,https://media.cabiclio.com/products/444781-20240807025723.png,ok,,877.0,1400.0,7f76eb628863097cc1073a35f821b007970e81724f6299d4f177d4b548beb3f7,data\images\444781.jpg,image/png,1167199.0
444802,https://media.cabiclio.com/products/444802-20240807030826.png,ok,,877.0,1400.0,fad445fabbe3e383eae2aa38b466c0a810557c5a485f0af121554a92a44a7185,data\images\444802.jpg,image/png,896560.0
444801,https://media.cabiclio.com/products/444801-20240807030751.png,ok,,877.0,1400.0,7f582f59f1a1d9168821f1e291907a8d3a260d0021e2d9751ef92ebbcfcd3adb,data\images\444801.jpg,image/png,1100433.0
444797,https://media.cabiclio.com/products/444797-20240807030532.png,ok,,877.0,1400.0,90a6bd1972f891874459122bdbac7f8b90fd3a539f6466640a9053a26251f293,data\images\444797.jpg,image/png,777650.0
444816,https://media.cabiclio.com/products/444816-20240822231043.png,ok,,877.0,1400.0,e5cf35d29d5c3dd18cb592985e12f9b64bd63ea96b6ef96575849aab1fe7db2e,data\images\444816.jpg,image/png,577893.0
444798,https://media.cabiclio.com/products/444798-20240807030615.png,ok,,877.0,1400.0,f062bf1f21df713b3aba52a26e8f5dd63c8ce3668e66e0b7f4fe23eb50d3dc55,data\images\444798.jpg,image/png,1345632.0
444827,https://media.cabiclio.com/products/444827-20240822231400.png,ok,,877.0,1400.0,2ff60edb80b5d6a022df2374f0f63cfed63e5e0d2484618183f5ba284492eb28,data\images\444827.jpg,image/png,1044917.0
444822,https://media.cabiclio.com/products/444822-20240822231322.png,ok,,877.0,1400.0,de362c61f6c72ed1a44be9c91a1932f6d2e36ed4ea117fc07767052706cd25bd,data\images\444822.jpg,image/png,407952.0
444810,https://media.cabiclio.com/products/444810-20240822230720.png,ok,,877.0,1400.0,28699a33dcc6edb6cc3b5e283c69d6fcbf9f8971ee6a713a11435b69eb8cb809,data\images\444810.jpg,image/png,1400832.0
444840,https://media.cabiclio.com/products/444840-20240927080404.png,ok,,877.0,1400.0,115d32ba5397e9ec9469b0c72d962a157e0cfd092a60cbd45c97a5b268de5ac8,data\images\444840.jpg,image/png,1006304.0
428037,,skip,missing image_url,,,,,,
428040,,skip,missing image_url,,,,,,
428041,,skip,missing image_url,,,,,,
428042,,skip,missing image_url,,,,,,
428044,,skip,missing image_url,,,,,,
428045,,skip,missing image_url,,,,,,
428046,,skip,missing image_url,,,,,,
428048,,skip,missing image_url,,,,,,
444811,https://media.cabiclio.com/products/444811-20240822230813.png,ok,,877.0,1400.0,3a039db82a9a339e344c29c498384d7c26a3fcf5a769628d55b22914bdd55911,data\images\444811.jpg,image/png,903440.0
444830,https://media.cabiclio.com/products/444830-20240822231546.png,ok,,877.0,1400.0,befa9953179288f0958112c13ef7082897f9848dbcac3c68cdacdbae4a9d460f,data\images\444830.jpg,image/png,566061.0
444843,https://media.cabiclio.com/products/444843-20240927080855.png,ok,,877.0,1400.0,2429f15d6be1d0904d49a1135f20e8e867d1c9fccf7c76f9a43838140d761271,data\images\444843.jpg,image/png,440585.0
432261,https://media.cabiclio.com/products/432261-20240208111037.png,ok,,877.0,1400.0,8880871166e69aa5679d078a16083cbd7ee2135c87da3303f97180c31951ac3a,data\images\432261.jpg,image/png,320149.0
444815,https://media.cabiclio.com/products/444815-20240822231005.png,ok,,877.0,1400.0,27d6a72c9e5b5471e84a18a15a40d40f4c803cbd4441e9d7945e6b078ccb8906,data\images\444815.jpg,image/png,1046872.0
445067,https://media.cabiclio.com/products/445067-20240503033128.png,ok,,877.0,1400.0,023dcd00e68cd62ea63a3f8fa060d894430a544e4885605a8c9fcd6114c725b4,data\images\445067.jpg,image/png,289763.0
444835,https://media.cabiclio.com/products/444835-20240822231646.png,ok,,877.0,1400.0,ee263fda7dc122106c24ec0beaa644079c5f7bb6b378c6bf2d4902605d9c0efa,data\images\444835.jpg,image/png,1326237.0
432260,https://media.cabiclio.com/products/432260-20240208110957.png,ok,,877.0,1400.0,3633795c7900fe61ca4579a13b6369d0d013478651b6bd2d7c472f810852c9ba,data\images\432260.jpg,image/png,213250.0
444846,https://media.cabiclio.com/products/444846-20240927081445.png,ok,,877.0,1400.0,2e826ea02aead3ea6b75b4f8aec26abcebde9d1b2633ac3e53ff7c9cdc403f98,data\images\444846.jpg,image/png,851465.0
444821,https://media.cabiclio.com/products/444821-20240822231236.png,ok,,877.0,1400.0,47da6ff67cf226a1cc5f32526577ef97ae015dc454cc1b51d0710a2244fb0d34,data\images\444821.jpg,image/png,1277555.0
444814,https://media.cabiclio.com/products/444814-20240822230911.png,ok,,877.0,1400.0,cf0840db7c48e63da5cf593d1e38aa5f094d4d1f8ae8bac01c4c45285c79e624,data\images\444814.jpg,image/png,1468332.0
444828,https://media.cabiclio.com/products/444828-20240822231449.png,ok,,877.0,1400.0,7105131147291fc0d3e481a04f17017493fb28f3d2075cfa1ddc238a6203f95c,data\images\444828.jpg,image/png,935128.0
444799,https://media.cabiclio.com/products/444799-20240807030715.png,ok,,877.0,1400.0,145250c521892e90a18b554eaa6baac68761225d52fa500992716043e9188e2d,data\images\444799.jpg,image/png,1137134.0
444820,https://media.cabiclio.com/products/444820-20240822231133.png,ok,,877.0,1400.0,00460c7fb59e179c4477f3e79a029690d14fe406ecd70905a6fe88a938354873,data\images\444820.jpg,image/png,1067699.0
432263,https://media.cabiclio.com/products/432263-20240208111216.png,ok,,877.0,1400.0,d5a73e5b8c15a95b4a55242b34d1eb78396d12d27d5816a0cd375945eb9fd2ed,data\images\432263.jpg,image/png,558003.0
444844,https://media.cabiclio.com/products/444844-20240927081326.png,ok,,877.0,1400.0,bf5226f80aae3d9d7eb9159338c28cecf8f4e340b3b56781d2519c41e6a90295,data\images\444844.jpg,image/png,866336.0
432262,https://media.cabiclio.com/products/432262-20240208111123.png,ok,,877.0,1400.0,154c772e412249d1211efa4a687d61f0e9dd8b9a4c3d2cca30007a84f7325859,data\images\432262.jpg,image/png,116567.0
432264,https://media.cabiclio.com/products/432264-20240208111253.png,ok,,877.0,1400.0,b71fe06e901a1dd0eb2cdbb14246dc503bfd94a001022dacf9a7a3c53f3a873c,data\images\432264.jpg,image/png,470189.0
435067,https://media.cabiclio.com/products/435067-20240208125440.png,ok,,877.0,1400.0,dc52d3695b7498e5181e50cbe8b152c94c8c2619a16da1155f80523df4ee7234,data\images\435067.jpg,image/png,640788.0
436444,https://media.cabiclio.com/products/436444-20240208113007.png,ok,,877.0,1400.0,ac08832a9a3b163cd362ee4cb31bbce2460db38aaccdd5e523046ce9f5568929,data\images\436444.jpg,image/png,1312726.0
444847,https://media.cabiclio.com/products/444847-20240927081522.png,ok,,877.0,1400.0,462e03f8960264c381c2ec3637ae5158a6eff460bd72b4dc593fcc52af7ca46f,data\images\444847.jpg,image/png,876091.0
432265,https://media.cabiclio.com/products/432265-20240208111333.png,ok,,877.0,1400.0,2966e7bc4f6aefef5f7518940896bf01c1205ac74c4f96b27de3ed4fe61b83b2,data\images\432265.jpg,image/png,643539.0
444841,https://media.cabiclio.com/products/444841-20240927080728.png,ok,,877.0,1400.0,abc537e0e2edf2f9f18f59ef34061158a2502a79889798b3fee684d93374cca8,data\images\444841.jpg,image/png,1237988.0
436446,https://media.cabiclio.com/products/436446-20240207140930.png,ok,,877.0,1400.0,602d5ebc584b69dc01f6e4e7962749bcb8e027693eb1539e711fba87f0e462a1,data\images\436446.jpg,image/png,542575.0
436450,https://media.cabiclio.com/products/436450-20240208113257.png,ok,,877.0,1400.0,ad5e751d0a5429c72423b69fb66124df245dcb57d9b07a2b469f6998a0bb833c,data\images\436450.jpg,image/png,980497.0
436441,https://media.cabiclio.com/products/436441-20240208105446.png,ok,,877.0,1400.0,82d5f04cab152a7048be62d6d8144110ad9e7f9407207d5362deacef8b339aad,data\images\436441.jpg,image/png,1139340.0
436448,https://media.cabiclio.com/products/436448-20240207141141.png,ok,,877.0,1400.0,11c57c2170690a0a1b504b9b659007d8b3838de68b90c839084cbbaf509fb2e9,data\images\436448.jpg,image/png,1103936.0
436443,https://media.cabiclio.com/products/436443-20240208105612.png,ok,,877.0,1400.0,581d91252ab89370cf72538d7f93ebc5285fab7b19d6b1b1ac5067a2df3858dc,data\images\436443.jpg,image/png,968267.0
436447,https://media.cabiclio.com/products/436447-20240208113122.png,ok,,877.0,1400.0,ebe6018bbc99c83cae91dc51b04e015111faf673c441656d71f883501d85f7db,data\images\436447.jpg,image/png,1134691.0
436453,https://media.cabiclio.com/products/436453-20240208113422.png,ok,,877.0,1400.0,d8d51dbaeb2fbd9682aa09f732bfeedd36e10b41e5348184265ea965f123e555,data\images\436453.jpg,image/png,682905.0
436445,https://media.cabiclio.com/products/436445-20240208113046.png,ok,,877.0,1400.0,9e1bc1a98e63b3f2bc993e0249ea19ce6ad106903983376a332aacf1cbea74fe,data\images\436445.jpg,image/png,1007334.0
436464,https://media.cabiclio.com/products/436464-20240208100805.png,ok,,877.0,1400.0,e075ae3d2e48e886ec357ca8b76129a5ee7bd4d865ebf12da1cc455107983a8f,data\images\436464.jpg,image/png,309910.0
436461,https://media.cabiclio.com/products/436461-20240208110333.png,ok,,877.0,1400.0,3c9744ea27cdf9c979b8add14086fe82baf871e74169c01389901c18a1e5ccc8,data\images\436461.jpg,image/png,689701.0
436455,https://media.cabiclio.com/products/436455-20240208113756.png,ok,,877.0,1400.0,2ae014f7f4aac2d81ce0dcdf749c8d8a01effc4591c8d60b50406bf77a6b2ac0,data\images\436455.jpg,image/png,747675.0
436456,https://media.cabiclio.com/products/436456-20240208113847.png,ok,,877.0,1400.0,51b99619aef3b491ceda6f90d45d5374ab1a4df51618e14cf046819745c3d5df,data\images\436456.jpg,image/png,540772.0
436469,https://media.cabiclio.com/products/436469-20240208105705.png,ok,,877.0,1400.0,12ab79d566af8fa6465fc1f3a9e5322cf0f221946cfadbf5990ea8a858369b97,data\images\436469.jpg,image/png,512177.0
436465,https://media.cabiclio.com/products/436465-20240208110421.png,ok,,877.0,1400.0,ada816e710729aaa4f6b6ea5d2ab1521f6094041157460a3a1494e3ce002bfa8,data\images\436465.jpg,image/png,461955.0
436451,https://media.cabiclio.com/products/436451-20240208113350.png,ok,,877.0,1400.0,b69c3922db0a5c798cd4c8b692d4550539795c28ea8385dca797370bc12091ef,data\images\436451.jpg,image/png,1175086.0
436442,https://media.cabiclio.com/products/436442-20240208105530.png,ok,,877.0,1400.0,e853e7959e157554ad40d0ff227ac1cc5f24c921b349a7f906ec6be41267e04b,data\images\436442.jpg,image/png,1267735.0
436468,https://media.cabiclio.com/products/436468-20240208110757.png,ok,,877.0,1400.0,0b4f919ccdfc45831cc48b614f2fee802b668638d5392f363f2a2b09a2a64adc,data\images\436468.jpg,image/png,685894.0
436467,https://media.cabiclio.com/products/436467-20240208110651.png,ok,,877.0,1400.0,86a93b255148593c80b4bff7e680d145953f6148cc9b2a9e68cc2708b0acf3b9,data\images\436467.jpg,image/png,785986.0
436476,https://media.cabiclio.com/products/436476-20240207134816.png,ok,,877.0,1400.0,6d18873fd6bbc0823be7a4c94a3fc17dbb0f7e40bdbc10a6bd7895acb22f9cfa,data\images\436476.jpg,image/png,512640.0
436454,https://media.cabiclio.com/products/436454-20231115013945.png,ok,,877.0,1400.0,4c271d1c03aa5f811c057574348357ab16e5abdfa1f2cd016357bc6707d2cf17,data\images\436454.jpg,image/png,1005913.0
436488,https://media.cabiclio.com/products/436488-20240207135402.png,ok,,877.0,1400.0,6d18873fd6bbc0823be7a4c94a3fc17dbb0f7e40bdbc10a6bd7895acb22f9cfa,data\images\436488.jpg,image/png,512640.0
436475,https://media.cabiclio.com/products/436475-20240207141019.png,ok,,877.0,1400.0,da7345e4e15f1ab5f88858443d3ac68d430365594bb0d462b06a4b4be64c4826,data\images\436475.jpg,image/png,283795.0
436479,https://media.cabiclio.com/products/436479-20240207135105.png,ok,,877.0,1400.0,3b0acfaa138d3c33caea53679fc4c95bff62d86c7077594e2edb08a3581ecc0e,data\images\436479.jpg,image/png,714731.0
436478,https://media.cabiclio.com/products/436478-20240207134934.png,ok,,877.0,1400.0,623ea626e2b9cb8f59d83bd92ade0c87f2ecf17d371894f474979454eb714689,data\images\436478.jpg,image/png,489879.0
436449,https://media.cabiclio.com/products/436449-20240208113159.png,ok,,877.0,1400.0,cb8aed5763234f71b18796cc82b7dd09753dd52bb97373e75a54e54d93bcd40c,data\images\436449.jpg,image/png,1156349.0
436463,https://media.cabiclio.com/products/436463-20240208100710.png,ok,,877.0,1400.0,0c23c381608847b49f98239218d45a890b55808aa8ca7e48c00e9d67109ed824,data\images\436463.jpg,image/png,721999.0
436466,https://media.cabiclio.com/products/436466-20240208110608.png,ok,,877.0,1400.0,9c91a6fe8f354f58a33e6f9f52952de1b2acbb9bb1ca5f0de1059cb6b8e12ecf,data\images\436466.jpg,image/png,858398.0
436480,https://media.cabiclio.com/products/436480-20240207135155.png,ok,,877.0,1400.0,6d4b82c445a895201468bc0e7bd5a7f07f534e02d3582c584eab84621773c15c,data\images\436480.jpg,image/png,552266.0
436494,https://media.cabiclio.com/products/436494-20240207135822.png,ok,,877.0,1400.0,4bf93988bd6aad0778adb07309bfd7203de9da323f9393fc981d2db12e10641b,data\images\436494.jpg,image/png,325155.0
436491,https://media.cabiclio.com/products/436491-20240207135457.png,ok,,877.0,1400.0,161c4a0a9b970999953df1107f6b81ef856bf75917ca14d335ef85d01235d350,data\images\436491.jpg,image/png,996240.0
436470,https://media.cabiclio.com/products/436470-20240208110900.png,ok,,877.0,1400.0,a850859e44b2871b9f690a3f0a8ead5518cc6c3f2abcf07320162ad4eb1d9cfb,data\images\436470.jpg,image/png,1048826.0
436495,https://media.cabiclio.com/products/436495-20240207135910.png,ok,,877.0,1400.0,06db8240d9c304a72ab696da24d80b1c389e9c6465b18e3c0820e44dc62048ad,data\images\436495.jpg,image/png,477287.0
436481,https://media.cabiclio.com/products/436481-20240207135258.png,ok,,877.0,1400.0,2d1281b64e552e6b7ca014fab6468445c706ae440f69080f675b0d9408a9dc2c,data\images\436481.jpg,image/png,1141104.0
436496,https://media.cabiclio.com/products/436496-20240207140055.png,ok,,877.0,1400.0,78c757357658680ea4e171a16ed70b64587c3871dde33fbf32467fce8306820d,data\images\436496.jpg,image/png,726716.0
436509,https://media.cabiclio.com/products/436509-20240208104916.png,ok,,877.0,1400.0,47cf9a1778a96a29a362673d0a64cf65f2600439fa32daa7b959b89a4e40a54e,data\images\436509.jpg,image/png,274624.0
436508,https://media.cabiclio.com/products/436508-20240208111638.png,ok,,877.0,1400.0,44b0c87c93f837ad66e31beb2661b03fa6cc6d0f04978103d6691d140724890d,data\images\436508.jpg,image/png,664576.0
436500,https://media.cabiclio.com/products/436500-20240208101627.png,ok,,877.0,1400.0,a1744ebe24dec8ba39926022496e58c7419361155b8d296157b4ec98100c30b9,data\images\436500.jpg,image/png,332604.0
436511,https://media.cabiclio.com/products/436511-20240208111732.png,ok,,877.0,1400.0,0565d111e34e24468e9429845d5a0e50cad979670fcdf09e6e614baf652c5bed,data\images\436511.jpg,image/png,594466.0
436507,https://media.cabiclio.com/products/436507-20240208105843.png,ok,,877.0,1400.0,ede9a18e86ccbb4474f15017794818e8787cd8b0abdc0376b556548f1266b784,data\images\436507.jpg,image/png,856913.0
436492,https://media.cabiclio.com/products/436492-20240207135543.png,ok,,877.0,1400.0,cee2ed625bf030339cd7f0e568c5a43a106fc64321c76bda680a788bc033ce51,data\images\436492.jpg,image/png,1037742.0
436501,https://media.cabiclio.com/products/436501-20240208104628.png,ok,,877.0,1400.0,7a4177eb59248509e1f989b834613735873fd9bfc1dc50d64c81991f070bd9a8,data\images\436501.jpg,image/png,774162.0
436504,https://media.cabiclio.com/products/436504-20240208111437.png,ok,,877.0,1400.0,f13125397d0755ba539af41138ab9a2c888e4f5f79402320e63da134b21c1fb2,data\images\436504.jpg,image/png,684569.0
436506,https://media.cabiclio.com/products/436506-20240208111549.png,ok,,877.0,1400.0,ac0edf3848116e70f8b89f8152d6b1dda13ad417f6f16045607efa89fae9ac38,data\images\436506.jpg,image/png,855995.0
436529,https://media.cabiclio.com/products/436529-20240208105349.png,ok,,877.0,1400.0,65290fa800d77bb781609b44ca82d9a881db93d29e58e163ac244e9c35962d61,data\images\436529.jpg,image/png,637054.0
436503,https://media.cabiclio.com/products/436503-20240208104724.png,ok,,877.0,1400.0,81375f070e0c17d677c89069dd5280272067ee2e4ee433a4a8fefca7ffd1f72a,data\images\436503.jpg,image/png,873126.0
436526,https://media.cabiclio.com/products/436526-20240208112415.png,ok,,877.0,1400.0,bcc952b2c5dee97f316a80a52744fc6fa56f63d7afcf35a05e84cf43264a66b2,data\images\436526.jpg,image/png,948495.0
436510,https://media.cabiclio.com/products/436510-20240208105211.png,ok,,877.0,1400.0,d5d56d3e4406e556e495528eeb3276aaf468eb5c6ee6d79905f4656004d24100,data\images\436510.jpg,image/png,1099017.0
436533,https://media.cabiclio.com/products/436533-20240208110032.png,ok,,877.0,1400.0,f4141ed4c2279deda566e218a024562820b61ffeec322ff761d09a2cca9d2266,data\images\436533.jpg,image/png,456533.0
436525,https://media.cabiclio.com/products/436525-20240208112048.png,ok,,877.0,1400.0,c520dd82065747b2d824caa9d075e86b23a215195ffb84fdccdb31a8e8f83dd1,data\images\436525.jpg,image/png,1429048.0
436505,https://media.cabiclio.com/products/436505-20240208105759.png,ok,,877.0,1400.0,109c67d03dec16f907cdd9b1e858eaa5d3fcfdf36f808f1585f455b02be9b3dd,data\images\436505.jpg,image/png,804917.0
436532,https://media.cabiclio.com/products/436532-20240208112918.png,ok,,877.0,1400.0,c6e26ca90bcbb5393884b4c6ee333d6657403a709df1aa67da1eb51c18d056b2,data\images\436532.jpg,image/png,609125.0
436544,https://media.cabiclio.com/products/436544-20240208114114.png,ok,,877.0,1400.0,2ecfdef96000e2248a414a1761bd77d64622a012064bcfe2469bfa12db161f6e,data\images\436544.jpg,image/png,418488.0
436541,https://media.cabiclio.com/products/436541-20240208110210.png,ok,,877.0,1400.0,cf9958aa3f7a1c8946ffce942deeff951cc3b135cd06c2976e2d12d27413ace5,data\images\436541.jpg,image/png,773865.0
436561,https://media.cabiclio.com/products/436561-20240208114200.png,ok,,877.0,1400.0,97e89f89fb93c314e796437ee81ffdd1b0e46b3b6cbc1167b8f0646513de1f09,data\images\436561.jpg,image/png,604748.0
436531,https://media.cabiclio.com/products/436531-20240208112808.png,ok,,877.0,1400.0,cea87cd18babd9883b17e66a671b69645f1f3c074dc89623436451259d7ad161,data\images\436531.jpg,image/png,1059470.0
436512,https://media.cabiclio.com/products/436512-20240208111843.png,ok,,877.0,1400.0,ad02f3e929ae8bad1db6e09ba6456a0490438f3b4491a2a2b3b799254574fab1,data\images\436512.jpg,image/png,1145058.0
436524,https://media.cabiclio.com/products/436524-20240208111957.png,ok,,877.0,1400.0,b86c9573a4c576b3402ae3e77319bb224d4e890aa995a379a8395130b46a1931,data\images\436524.jpg,image/png,772705.0
436521,https://media.cabiclio.com/products/436521-20240208105933.png,ok,,877.0,1400.0,318213098a088196bf33fb6ccb6869062d778064afe7a63a0096a43e8a625512,data\images\436521.jpg,image/png,746110.0
436571,https://media.cabiclio.com/products/436571-20240207140325.png,ok,,877.0,1400.0,d88a0df2ed824971021c91b91df6eae28a8b3556ce744bd30b039622932c6f3e,data\images\436571.jpg,image/png,1096212.0
436564,https://media.cabiclio.com/products/436564-20240208114322.png,ok,,877.0,1400.0,ce9cae4f574ca946612f911f60cfdbf4ee6279743837412553468c5b010e9e29,data\images\436564.jpg,image/png,798756.0
436542,https://media.cabiclio.com/products/436542-20240208110258.png,ok,,877.0,1400.0,ee732c8df06b8640811e02ede173263685dfefce9f3e670954b1cf642f66ca66,data\images\436542.jpg,image/png,870924.0
436585,https://media.cabiclio.com/products/436585-20240207134304.png,ok,,877.0,1400.0,0ad38a36041cf693322e78e3b5ef8443bf5dce0482f3ddea73a9f3f5e6ae3e4f,data\images\436585.jpg,image/png,530670.0
436580,https://media.cabiclio.com/products/436580-20240207140719.png,ok,,877.0,1400.0,e649f3799e5cd748e1cf1435cb28522369e20a9a09daf1d98518531b45bbdcee,data\images\436580.jpg,image/png,1066186.0
436579,https://media.cabiclio.com/products/436579-20240207140636.png,ok,,877.0,1400.0,29347e48cc85828995f77cc7412aec4ef8a1bd4866e8bbd08d318c0966899922,data\images\436579.jpg,image/png,483975.0
436565,https://media.cabiclio.com/products/436565-20240208114424.png,ok,,877.0,1400.0,760d10d1c5faea960fdf00b3c2e99cfb92c0c39b5aae6fdd4a4e6a60ae31cf29,data\images\436565.jpg,image/png,1054444.0
436578,https://media.cabiclio.com/products/436578-20240207140543.png,ok,,877.0,1400.0,5c2e4156c6857812961be9910d71984200ae2f634c6e8621eaf83087d0b6b18a,data\images\436578.jpg,image/png,743923.0
436586,https://media.cabiclio.com/products/436586-20240207134345.png,ok,,877.0,1400.0,a0aab4a9aab0b5ebfec3d3255300b1af6855718535d1414dc15147816788af50,data\images\436586.jpg,image/png,859189.0
436593,https://media.cabiclio.com/products/436593-20240208012010.png,ok,,877.0,1400.0,f8a5c4430429cadd503f7155cd5c9aa6d7a886227647b393c20b5d6d48dafd97,data\images\436593.jpg,image/png,755535.0
436562,https://media.cabiclio.com/products/436562-20240208114242.png,ok,,877.0,1400.0,462029baf39a474ce98e45b53bbaa74fdd1e3296b4780c7a8ed9909aea8b1651,data\images\436562.jpg,image/png,822412.0
436528,https://media.cabiclio.com/products/436528-20240208105258.png,ok,,877.0,1400.0,75e5a9969553904d06495a733ccb4a22fdfce8a7f8f2bdc2076e572fb356dc06,data\images\436528.jpg,image/png,1099783.0
436570,https://media.cabiclio.com/products/436570-20240207140210.png,ok,,877.0,1400.0,7abe4ebe09857ef83b3f0b069e567ba735db1fc0beade4754443f295df8d1763,data\images\436570.jpg,image/png,1232486.0
436590,https://media.cabiclio.com/products/436590-20240208011742.png,ok,,877.0,1400.0,6428a6fbae66b1425a15f90e24e9f42fbf55f4c2064b94883c6ab511abadc29f,data\images\436590.jpg,image/png,1126226.0
436577,https://media.cabiclio.com/products/436577-20240207140816.png,ok,,877.0,1400.0,56525e093afae3d723bc131ea91b25a8feee3fb0481b3c19911e21b54780e5c9,data\images\436577.jpg,image/png,1062060.0
436596,https://media.cabiclio.com/products/436596-20240208012129.png,ok,,877.0,1400.0,ba29e2dd609d04ad857f3ddd61915271bf6a96a50fee62d763fb165c4910d53f,data\images\436596.jpg,image/png,1164490.0
436624,https://media.cabiclio.com/products/436624-20240320000630.png,ok,,877.0,1400.0,b4cb2103f6a6a16064a90e82114d3059c2a614a0f353f45bd23f3ac602dfd3b7,data\images\436624.jpg,image/png,383828.0
436595,https://media.cabiclio.com/products/436595-20240320000349.png,ok,,877.0,1400.0,f403e966dc7e48a80e11fb6469f0162a37a77f49f9a2881740d9409bec265620,data\images\436595.jpg,image/png,836794.0
436592,https://media.cabiclio.com/products/436592-20240208011851.png,ok,,877.0,1400.0,93ba2e59e53a1af37d732c75562f10bb30c09c8ffb80b4cb03b35cc883ba21a2,data\images\436592.jpg,image/png,1071209.0
436609,https://media.cabiclio.com/products/436609-20240208012605.png,ok,,877.0,1400.0,470227368aadbd6ed77b727fdd7c5233bad31022b50e4d56f5a045e2e5c4bc6b,data\images\436609.jpg,image/png,845890.0
436591,https://media.cabiclio.com/products/436591-20240320000222.png,ok,,877.0,1400.0,f7aa174801280222207dc2f64099d3699957c1d36a6b87752e6ca0c8b45cbd17,data\images\436591.jpg,image/png,1125443.0
436605,https://media.cabiclio.com/products/436605-20240228014259.png,ok,,877.0,1400.0,c87be16703587dde7c9ade8d0e9680cb425d56f2bde437740d466b998102d1bb,data\images\436605.jpg,image/png,972751.0
436629,https://media.cabiclio.com/products/436629-20240320000828.png,ok,,877.0,1400.0,9de401356ff3d6282b66ac846e95e2bfc2d111c0dfa2b3936f00154c5c8e8def,data\images\436629.jpg,image/png,831894.0
436599,https://media.cabiclio.com/products/436599-20240208012234.png,ok,,877.0,1400.0,0410c5dafd5d373d35a51f7abae5bdbb346cae3d7f2b6f02419dca7253889b3a,data\images\436599.jpg,image/png,1145172.0
436632,https://media.cabiclio.com/products/436632-20240320000910.png,ok,,877.0,1400.0,024d3481018695f388ec7196f35e0f528c76a7d8156c75d92482d5bfbfd79861,data\images\436632.jpg,image/png,645098.0
436638,https://media.cabiclio.com/products/436638-20240320001052.png,ok,,877.0,1400.0,1f4478391e8f7db9f13d53fe41ac3540ba2e12fd6556d41f2cf9bbe3b3b9887b,data\images\436638.jpg,image/png,326794.0
436637,https://media.cabiclio.com/products/436637-20240208014638.png,ok,,877.0,1400.0,a3c7c17a8707afc5df6b63eab042515d761a4096fa81047fccc943b40d63b3b3,data\images\436637.jpg,image/png,845508.0
436636,https://media.cabiclio.com/products/436636-20240320000953.png,ok,,877.0,1400.0,6405d7888528c22e436084dfc84bb9a465b144bb38bfbf0c063e0f89cd799ddc,data\images\436636.jpg,image/png,478930.0
436628,https://media.cabiclio.com/products/436628-20240320000744.png,ok,,877.0,1400.0,19bcb769efda0d6b8a7ff90152740d93fd53e6cefbb2a200cdaee73d4b203ca2,data\images\436628.jpg,image/png,1523513.0
436527,https://media.cabiclio.com/products/436527-20240208112728.png,ok,,877.0,1400.0,0acf69cd478555666f326e6f6e8c76b080e37735a26f4c6d14096576387c69f2,data\images\436527.jpg,image/png,935123.0
436625,https://media.cabiclio.com/products/436625-20240208013224.png,ok,,877.0,1400.0,727d5f04bcc3764960260d841daeea493af05c2da3d7db9f750a4cc0553faff0,data\images\436625.jpg,image/png,1160940.0
436639,https://media.cabiclio.com/products/436639-20240320001127.png,ok,,877.0,1400.0,4f18d5d91c37a41bcbf72dca95cca99f1aee323329863deada7464053218707e,data\images\436639.jpg,image/png,556657.0
436635,https://media.cabiclio.com/products/436635-20240208013550.png,ok,,877.0,1400.0,c19e5c37949aec1eb8613a44929a359a14aae8cd324e6b4afff55dd1284400b5,data\images\436635.jpg,image/png,813638.0
436645,https://media.cabiclio.com/products/436645-20240415224650.png,ok,,877.0,1400.0,a7a2011fcbc94dfe7b8b9333286f53b2b6ed9ff9153e7387d03599bb85a778f5,data\images\436645.jpg,image/png,870296.0
436642,https://media.cabiclio.com/products/436642-20240415224131.png,ok,,877.0,1400.0,943b2bda02c178f74e2ccd8cc2f7711e42f2abd036cbb35d84127ebf1115e08c,data\images\436642.jpg,image/png,1437595.0
436646,https://media.cabiclio.com/products/436646-20240415224543.png,ok,,877.0,1400.0,3453b5cecaf8e9e415e8b30a0f3d90465db3a97e81385f4ee3686e652c58417b,data\images\436646.jpg,image/png,1606202.0
436644,https://media.cabiclio.com/products/436644-20240415224301.png,ok,,877.0,1400.0,06a1217156832b82611f7d6ad9143aba56a5789373e0ebb8f190e5d26f14a1a3,data\images\436644.jpg,image/png,1477317.0
436643,https://media.cabiclio.com/products/436643-20240415224212.png,ok,,877.0,1400.0,5875d4dfbf78ab2dd3d6edc23773a3321f50d20ad506e2bb7291c8ca46f4a9e5,data\images\436643.jpg,image/png,2295856.0
436647,https://media.cabiclio.com/products/436647-20240415224614.png,ok,,877.0,1400.0,0d20458a31c8eeacf8d2cceefd0a40f3ebfbce208a637feb9d3f17bea29bafaf,data\images\436647.jpg,image/png,918925.0
436623,https://media.cabiclio.com/products/436623-20240320000536.png,ok,,877.0,1400.0,ec014a46d1a289f4a4e0b091f78e47339d2c5114ccd8a425284af06d4c0b8fa1,data\images\436623.jpg,image/png,656207.0
436601,https://media.cabiclio.com/products/436601-20240208012317.png,ok,,877.0,1400.0,36115392163e544923b541b8cde970242d5b6afa7eab65fc63283ec36cafff0c,data\images\436601.jpg,image/png,1370935.0
436617,https://media.cabiclio.com/products/436617-20240320000449.png,ok,,877.0,1400.0,40c029bf7a75d47623e23882433ca7b0cfde5c87127c06cb219f03706d850cfd,data\images\436617.jpg,image/png,1780792.0
